Workbook

Sheet Summary
A1: DraftKings (DKNG) — Engagement Saturation Analysis
A2: Sensor Tower MAU + Downloads | Jan 2024 – Apr 2026
A3: Source: Sensor Tower (US, monthly). May 2026 dropped (partial month).
A5: Thesis
A6: • DKNG management framed Q1'26 MUP weakness (-4% YoY, -2% ex-Lottery) as a one-quarter timing issue resolved by 2H Predictions marketing.
A7: • Sensor Tower data tells a different story: DKNG core app MAU is down ~40% from Nov 2024 peak, with YoY growth negative for 3 consecutive months.
A8: • This is not idiosyncratic — every transactional consumer platform we track is contracting YoY in Q1'26. The category has saturated.
A9: • Kalshi grew from 24K MAU in Apr 2024 to 4.54M in Apr 2026 — now ~92% the size of DKNG. Predictions demand is real; it's not flowing to DKNG.
A12: Key Statistics
A13: Metric | B13: Value | C13: Notes
A14: DKNG MAU YoY (Apr 2026) | B14: =Analysis!N6 -> -0.40438044 | C14: Negative YoY growth
A15: DKNG MAU vs Nov 2024 peak | B15: =Analysis!N7 -> -0.13625539 | C15: Down from 8.32M peak to 4.96M
A16: FanDuel MAU YoY (Apr 2026) | B16: =Analysis!N8 -> 4543440 | C16: Direct OSB comp also rolling over
A17: Kalshi MAU (Apr 2026) | B17: =Analysis!N9 -> 0.9165927 | C17: From 24K (Apr 2024) — 188x growth in 24mo
A18: Kalshi as % of DKNG MAU | B18: =Analysis!N10 -> -0.016840328 | C18: Same scale despite zero scaled marketing
A19: DKNG Q1'26 MAU vs Q1'25 | B19: =Analysis!N11 -> -0.11577312 | C19: Reported MUPs were -4% (-2% ex-Lottery)
A20: FanDuel Q1'26 MAU vs Q1'25 | B20: =Analysis!N12 -> -0.27367336 | C20: Larger decline than DKNG — category issue
A21: Coinbase Q1'26 MAU vs Q1'25 | B21: =Analysis!N13 -> -0.13484624 | C21: Trading platforms also saturated
A22: Robinhood Q1'26 MAU vs Q1'25 | B22: =Analysis!N14 -> 0 | C22: Trading platforms also saturated
A24: Caveats
A25: 1. Sensor Tower MAU ≠ reported MUPs (different methodology). Directional signal only — Q1'26 ST data matches reported -2% ex-Lottery.
A26: 2. Kalshi user growth ≠ revenue/profit. Marketplace model, not take-rate operator. But for demand capture, MAU is the right metric.
A27: 3. DKNG MAU is heavily NFL-seasonal (Nov peak, summer trough). YoY comparisons handle this; absolute trough comparisons do not.
A28: 4. Predictions integrated into Super App ~Dec 2025. DKNG MAU spiked Dec'25-Jan'26, then collapsed in Feb-Apr'26.
A29: 5. Kalshi YoY % in early 2025 is meaningless — denominator was tiny. Use absolute scale for Kalshi.
A30: 6. May 2026 data dropped from analysis — partial month (today is May 8, 2026).

Sheet MAU Data
A1: Monthly Active Users (US)
A2: Source: Sensor Tower
A4: Month | B4: Snapchat | C4: Pinterest | D4: Robinhood | E4: Coinbase | F4: FanDuel | G4: DraftKings | H4: Kalshi | I4: BetMGM | J4: Fanatics
A5: 2024-01 | B5: 89749842 | C5: 72791985 | D5: 18095754 | E5: 11943689 | F5: 5991591 | G5: 5142042 | H5: 545 | I5: 1352886 | J5: 167594
A6: 2024-02 | B6: 90778927 | C6: 72482068 | D6: 19733477 | E6: 12292078 | F6: 6825669 | G6: 6265360 | H6: 510 | I6: 1359310 | J6: 220046
A7: 2024-03 | B7: 90077817 | C7: 73078249 | D7: 20712765 | E7: 15377787 | F7: 5680959 | G7: 5018794 | H7: 8364 | I7: 1265894 | J7: 311746
A8: 2024-04 | B8: 89520771 | C8: 72288343 | D8: 18977041 | E8: 12184497 | F8: 5335131 | G8: 5054332 | H8: 24149 | I8: 1287687 | J8: 428681
A9: 2024-05 | B9: 89076735 | C9: 73068244 | D9: 18802539 | E9: 11174723 | F9: 5271953 | G9: 4899069 | H9: 42300 | I9: 1319874 | J9: 438140
A10: 2024-06 | B10: 89070484 | C10: 75282163 | D10: 19046394 | E10: 10650441 | F10: 4671778 | G10: 4577608 | H10: 62220 | I10: 1342754 | J10: 424875
A11: 2024-07 | B11: 88594303 | C11: 72172001 | D11: 19895876 | E11: 10452546 | F11: 4236989 | G11: 3936865 | H11: 90328 | I11: 1286807 | J11: 476757
A12: 2024-08 | B12: 87953167 | C12: 70209718 | D12: 19992866 | E12: 10039501 | F12: 4686332 | G12: 5127441 | H12: 79851 | I12: 1492082 | J12: 605568
A13: 2024-09 | B13: 87522529 | C13: 70482924 | D13: 19170065 | E13: 9919647 | F13: 8023987 | G13: 7287230 | H13: 80192 | I13: 1748287 | J13: 784997
A14: 2024-10 | B14: 87356116 | C14: 72392539 | D14: 19547067 | E14: 10366810 | F14: 7410448 | G14: 6808244 | H14: 461087 | I14: 1837286 | J14: 845088
A15: 2024-11 | B15: 86864995 | C15: 71267433 | D15: 22007617 | E15: 16165513 | F15: 7842837 | G15: 8322225 | H15: 1252628 | I15: 1642291 | J15: 808966
A16: 2024-12 | B16: 87779770 | C16: 75870620 | D16: 21016069 | E16: 16102165 | F16: 7429768 | G16: 6921059 | H16: 832975 | I16: 1704865 | J16: 718100
... A33: 2026-05 | B33: 79397248 | C33: 73763487 | D33: 17906679 | E33: 9753093 | F33: 4904902 | G33: 4960044 | H33: 4558343 | I33: 952958 | J33: 687105
A35: Note: 2026-05 is partial month (data as of May 8, 2026) — excluded from trend analysis

Sheet Downloads Data
A1: Monthly App Downloads (US)
A2: Source: Sensor Tower
A4: Month | B4: Snapchat | C4: Pinterest | D4: Robinhood | E4: Coinbase | F4: FanDuel | G4: DraftKings | H4: Kalshi | I4: BetMGM | J4: Fanatics
A5: 2024-01 | B5: 2070734 | C5: 1732903 | D5: 374525 | E5: 254246 | F5: 760129 | G5: 648725 | I5: 357728 | J5: 84726
A6: 2024-02 | B6: 1980183 | C6: 1563176 | D6: 374540 | E6: 250286 | F6: 686479 | G6: 743560 | I6: 341549 | J6: 132413
A7: 2024-03 | B7: 2075982 | C7: 1847151 | D7: 550519 | E7: 508395 | F7: 828130 | G7: 559063 | H7: 9596 | I7: 329145 | J7: 206444
A8: 2024-04 | B8: 2010416 | C8: 1479941 | D8: 346102 | E8: 326324 | F8: 529936 | G8: 411472 | H8: 13850 | I8: 209967 | J8: 186561
A9: 2024-05 | B9: 2066788 | C9: 1558530 | D9: 416139 | E9: 454644 | F9: 448638 | G9: 317698 | H9: 20902 | I9: 121810 | J9: 142985
A10: 2024-06 | B10: 2019157 | C10: 1608290 | D10: 356264 | E10: 401645 | F10: 272689 | G10: 247206 | H10: 31903 | I10: 98385 | J10: 131849
A11: 2024-07 | B11: 2118773 | C11: 1632082 | D11: 323635 | E11: 488607 | F11: 195134 | G11: 201889 | H11: 27067 | I11: 89110 | J11: 125835
A12: 2024-08 | B12: 2057395 | C12: 1628267 | D12: 373670 | E12: 368920 | F12: 271035 | G12: 287154 | H12: 8605 | I12: 109375 | J12: 171555
A13: 2024-09 | B13: 1860087 | C13: 1541529 | D13: 291959 | E13: 221815 | F13: 940404 | G13: 876701 | H13: 12329 | I13: 226999 | J13: 247594
A14: 2024-10 | B14: 1957791 | C14: 1580759 | D14: 333078 | E14: 230349 | F14: 676688 | G14: 560893 | H14: 576508 | I14: 218652 | J14: 203192
A15: 2024-11 | B15: 1844503 | C15: 1519571 | D15: 871814 | E15: 1080423 | F15: 694726 | G15: 875079 | H15: 638772 | I15: 243439 | J15: 209103
A16: 2024-12 | B16: 2183936 | C16: 1709109 | D16: 803210 | E16: 1124091 | F16: 528840 | G16: 442060 | H16: 37086 | I16: 167764 | J16: 220390
A17: 2025-01 | B17: 2119662 | C17: 1697673 | D17: 788082 | E17: 1159093 | F17: 646213 | G17: 565814 | H17: 81540 | I17: 193100 | J17: 189086
A18: 2025-02 | B18: 1728550 | C18: 1374728 | D18: 432718 | E18: 837679 | F18: 679812 | G18: 668541 | H18: 90320 | I18: 173613 | J18: 150848
... A33: 2026-05 | B33: 338640 | C33: 311910 | D33: 101702 | E33: 58776 | F33: 88200 | G33: 92628 | H33: 210426 | I33: 26631 | J33: 39023
A35: Note: 2026-05 is partial month (~7-8 days through May 8) — excluded from trend analysis
A36: Note: Kalshi downloads not reported in Sensor Tower for Jan-Feb 2024 (below reporting threshold)

Sheet Analysis
A1: YoY MAU Growth Analysis
A2: Formula-driven from MAU Data tab. Edit source data and YoY recalculates.
A4: Month | B4: DraftKings | C4: FanDuel | D4: BetMGM | E4: Fanatics | F4: Robinhood | G4: Coinbase | H4: Snapchat | I4: Pinterest | J4: Kalshi | M4: Key Stats
A5: ='MAU Data'!A17 -> 2025-01 | B5: =IFERROR('MAU Data'!G17/'MAU Data'!G5-1,"") -> 0.45244982 | C5: =IFERROR('MAU Data'!F17/'MAU Data'!F5-1,"") -> 0.37042365 | D5: =IFERROR('MAU Data'!I17/'MAU Data'!I5-1,"") -> 0.30947988 | E5: =IFERROR('MAU Data'!J17/'MAU Data'!J5-1,"") -> 3.4654642 | F5: =IFERROR('MAU Data'!D17/'MAU Data'!D5-1,"") -> 0.21606295 | G5: =IFERROR('MAU Data'!E17/'MAU Data'!E5-1,"") -> 0.42645961 | H5: =IFERROR('MAU Data'!B17/'MAU Data'!B5-1,"") -> -0.043309803 | I5: =IFERROR('MAU Data'!C17/'MAU Data'!C5-1,"") -> 0.015436026 | J5: =IFERROR('MAU Data'!H17/'MAU Data'!H5-1,"") -> 1039.6624 | M5: DKNG MAU YoY (Apr 2026) | N5: ='MAU Data'!G32/'MAU Data'!G20-1 -> -0.055829503
A6: ='MAU Data'!A18 -> 2025-02 | B6: =IFERROR('MAU Data'!G18/'MAU Data'!G6-1,"") -> 0.13623511 | C6: =IFERROR('MAU Data'!F18/'MAU Data'!F6-1,"") -> 0.086785779 | D6: =IFERROR('MAU Data'!I18/'MAU Data'!I6-1,"") -> 0.28700591 | E6: =IFERROR('MAU Data'!J18/'MAU Data'!J6-1,"") -> 2.6961135 | F6: =IFERROR('MAU Data'!D18/'MAU Data'!D6-1,"") -> 0.084867659 | G6: =IFERROR('MAU Data'!E18/'MAU Data'!E6-1,"") -> 0.19513064 | H6: =IFERROR('MAU Data'!B18/'MAU Data'!B6-1,"") -> -0.061844441 | I6: =IFERROR('MAU Data'!C18/'MAU Data'!C6-1,"") -> -0.0063283928 | J6: =IFERROR('MAU Data'!H18/'MAU Data'!H6-1,"") -> 1330.7784 | M6: DKNG MAU vs Nov 2024 peak | N6: ='MAU Data'!G32/MAX('MAU Data'!G5:G32)-1 -> -0.40438044
A7: ='MAU Data'!A19 -> 2025-03 | B7: =IFERROR('MAU Data'!G19/'MAU Data'!G7-1,"") -> 0.097504699 | C7: =IFERROR('MAU Data'!F19/'MAU Data'!F7-1,"") -> 0.12548674 | D7: =IFERROR('MAU Data'!I19/'MAU Data'!I7-1,"") -> 0.12960643 | E7: =IFERROR('MAU Data'!J19/'MAU Data'!J7-1,"") -> 1.6829085 | F7: =IFERROR('MAU Data'!D19/'MAU Data'!D7-1,"") -> 0.049857081 | G7: =IFERROR('MAU Data'!E19/'MAU Data'!E7-1,"") -> -0.064103112 | H7: =IFERROR('MAU Data'!B19/'MAU Data'!B7-1,"") -> -0.044000156 | I7: =IFERROR('MAU Data'!C19/'MAU Data'!C7-1,"") -> 0.058762889 | J7: =IFERROR('MAU Data'!H19/'MAU Data'!H7-1,"") -> 76.813965 | M7: FanDuel MAU YoY (Apr 2026) | N7: ='MAU Data'!F32/'MAU Data'!F20-1 -> -0.13625539
A8: ='MAU Data'!A20 -> 2025-04 | B8: =IFERROR('MAU Data'!G20/'MAU Data'!G8-1,"") -> 0.038709764 | C8: =IFERROR('MAU Data'!F20/'MAU Data'!F8-1,"") -> 0.065498673 | D8: =IFERROR('MAU Data'!I20/'MAU Data'!I8-1,"") -> -0.073513206 | E8: =IFERROR('MAU Data'!J20/'MAU Data'!J8-1,"") -> 0.86433502 | F8: =IFERROR('MAU Data'!D20/'MAU Data'!D8-1,"") -> 0.13093791 | G8: =IFERROR('MAU Data'!E20/'MAU Data'!E8-1,"") -> 0.097930427 | H8: =IFERROR('MAU Data'!B20/'MAU Data'!B8-1,"") -> -0.049564162 | I8: =IFERROR('MAU Data'!C20/'MAU Data'!C8-1,"") -> 0.021576466 | J8: =IFERROR('MAU Data'!H20/'MAU Data'!H8-1,"") -> 21.284608 | M8: Kalshi MAU (Apr 2026) | N8: ='MAU Data'!H32 -> 4543440
A9: ='MAU Data'!A21 -> 2025-05 | B9: =IFERROR('MAU Data'!G21/'MAU Data'!G9-1,"") -> 0.10655739 | C9: =IFERROR('MAU Data'!F21/'MAU Data'!F9-1,"") -> 0.23274183 | D9: =IFERROR('MAU Data'!I21/'MAU Data'!I9-1,"") -> -0.17142167 | E9: =IFERROR('MAU Data'!J21/'MAU Data'!J9-1,"") -> 0.63059068 | F9: =IFERROR('MAU Data'!D21/'MAU Data'!D9-1,"") -> 0.0078429301 | G9: =IFERROR('MAU Data'!E21/'MAU Data'!E9-1,"") -> 0.24381356 | H9: =IFERROR('MAU Data'!B21/'MAU Data'!B9-1,"") -> -0.052723744 | I9: =IFERROR('MAU Data'!C21/'MAU Data'!C9-1,"") -> 0.045606899 | J9: =IFERROR('MAU Data'!H21/'MAU Data'!H9-1,"") -> 12.734704 | M9: Kalshi as % of DKNG MAU (Apr 2026) | N9: ='MAU Data'!H32/'MAU Data'!G32 -> 0.9165927
A10: ='MAU Data'!A22 -> 2025-06 | B10: =IFERROR('MAU Data'!G22/'MAU Data'!G10-1,"") -> -0.016419056 | C10: =IFERROR('MAU Data'!F22/'MAU Data'!F10-1,"") -> 0.17466134 | D10: =IFERROR('MAU Data'!I22/'MAU Data'!I10-1,"") -> -0.23692277 | E10: =IFERROR('MAU Data'!J22/'MAU Data'!J10-1,"") -> 0.62612768 | F10: =IFERROR('MAU Data'!D22/'MAU Data'!D10-1,"") -> -0.029055841 | G10: =IFERROR('MAU Data'!E22/'MAU Data'!E10-1,"") -> 0.19834775 | H10: =IFERROR('MAU Data'!B22/'MAU Data'!B10-1,"") -> -0.052067551 | I10: =IFERROR('MAU Data'!C22/'MAU Data'!C10-1,"") -> 0.017677175 | J10: =IFERROR('MAU Data'!H22/'MAU Data'!H10-1,"") -> 8.7903729 | M10: DKNG Q1'26 vs Q1'25 MAU avg | N10: =AVERAGE('MAU Data'!G29:G31)/AVERAGE('MAU Data'!G17:G19)-1 -> -0.016840328
A11: ='MAU Data'!A23 -> 2025-07 | B11: =IFERROR('MAU Data'!G23/'MAU Data'!G11-1,"") -> 0.18763382 | C11: =IFERROR('MAU Data'!F23/'MAU Data'!F11-1,"") -> 0.1543431 | D11: =IFERROR('MAU Data'!I23/'MAU Data'!I11-1,"") -> -0.16010249 | E11: =IFERROR('MAU Data'!J23/'MAU Data'!J11-1,"") -> 0.40723262 | F11: =IFERROR('MAU Data'!D23/'MAU Data'!D11-1,"") -> -0.045042802 | G11: =IFERROR('MAU Data'!E23/'MAU Data'!E11-1,"") -> 0.35494481 | H11: =IFERROR('MAU Data'!B23/'MAU Data'!B11-1,"") -> -0.046329627 | I11: =IFERROR('MAU Data'!C23/'MAU Data'!C11-1,"") -> -0.003384221 | J11: =IFERROR('MAU Data'!H23/'MAU Data'!H11-1,"") -> 6.4265787 | M11: FanDuel Q1'26 vs Q1'25 MAU avg | N11: =AVERAGE('MAU Data'!F29:F31)/AVERAGE('MAU Data'!F17:F19)-1 -> -0.11577312
A12: ='MAU Data'!A24 -> 2025-08 | B12: =IFERROR('MAU Data'!G24/'MAU Data'!G12-1,"") -> -0.0035801485 | C12: =IFERROR('MAU Data'!F24/'MAU Data'!F12-1,"") -> 0.24770375 | D12: =IFERROR('MAU Data'!I24/'MAU Data'!I12-1,"") -> -0.28478194 | E12: =IFERROR('MAU Data'!J24/'MAU Data'!J12-1,"") -> 0.27333512 | F12: =IFERROR('MAU Data'!D24/'MAU Data'!D12-1,"") -> -0.063464138 | G12: =IFERROR('MAU Data'!E24/'MAU Data'!E12-1,"") -> 0.28610296 | H12: =IFERROR('MAU Data'!B24/'MAU Data'!B12-1,"") -> -0.05196959 | I12: =IFERROR('MAU Data'!C24/'MAU Data'!C12-1,"") -> 0.02254074 | J12: =IFERROR('MAU Data'!H24/'MAU Data'!H12-1,"") -> 8.1251957 | M12: Coinbase Q1'26 vs Q1'25 MAU avg | N12: =AVERAGE('MAU Data'!E29:E31)/AVERAGE('MAU Data'!E17:E19)-1 -> -0.27367336
A13: ='MAU Data'!A25 -> 2025-09 | B13: =IFERROR('MAU Data'!G25/'MAU Data'!G13-1,"") -> 0.074805653 | C13: =IFERROR('MAU Data'!F25/'MAU Data'!F13-1,"") -> 0.12173823 | D13: =IFERROR('MAU Data'!I25/'MAU Data'!I13-1,"") -> -0.22222267 | E13: =IFERROR('MAU Data'!J25/'MAU Data'!J13-1,"") -> 0.5009344 | F13: =IFERROR('MAU Data'!D25/'MAU Data'!D13-1,"") -> 0.017983507 | G13: =IFERROR('MAU Data'!E25/'MAU Data'!E13-1,"") -> 0.24923276 | H13: =IFERROR('MAU Data'!B25/'MAU Data'!B13-1,"") -> -0.045239666 | I13: =IFERROR('MAU Data'!C25/'MAU Data'!C13-1,"") -> 0.034732739 | J13: =IFERROR('MAU Data'!H25/'MAU Data'!H13-1,"") -> 16.909193 | M13: Robinhood Q1'26 vs Q1'25 MAU avg | N13: =AVERAGE('MAU Data'!D29:D31)/AVERAGE('MAU Data'!D17:D19)-1 -> -0.13484624
A14: ='MAU Data'!A26 -> 2025-10 | B14: =IFERROR('MAU Data'!G26/'MAU Data'!G14-1,"") -> 0.076776332 | C14: =IFERROR('MAU Data'!F26/'MAU Data'!F14-1,"") -> 0.080880265 | D14: =IFERROR('MAU Data'!I26/'MAU Data'!I14-1,"") -> -0.17275971 | E14: =IFERROR('MAU Data'!J26/'MAU Data'!J14-1,"") -> 0.5239123 | F14: =IFERROR('MAU Data'!D26/'MAU Data'!D14-1,"") -> 0.015559214 | G14: =IFERROR('MAU Data'!E26/'MAU Data'!E14-1,"") -> 0.28839797 | H14: =IFERROR('MAU Data'!B26/'MAU Data'!B14-1,"") -> -0.05542577 | I14: =IFERROR('MAU Data'!C26/'MAU Data'!C14-1,"") -> 0.03843624 | J14: =IFERROR('MAU Data'!H26/'MAU Data'!H14-1,"") -> 2.7147285
A15: ='MAU Data'!A27 -> 2025-11 | B15: =IFERROR('MAU Data'!G27/'MAU Data'!G15-1,"") -> -0.10152465 | C15: =IFERROR('MAU Data'!F27/'MAU Data'!F15-1,"") -> 0.11017455 | D15: =IFERROR('MAU Data'!I27/'MAU Data'!I15-1,"") -> -0.12688494 | E15: =IFERROR('MAU Data'!J27/'MAU Data'!J15-1,"") -> 0.24694116 | F15: =IFERROR('MAU Data'!D27/'MAU Data'!D15-1,"") -> -0.14466205 | G15: =IFERROR('MAU Data'!E27/'MAU Data'!E15-1,"") -> -0.18717154 | H15: =IFERROR('MAU Data'!B27/'MAU Data'!B15-1,"") -> -0.055262433 | I15: =IFERROR('MAU Data'!C27/'MAU Data'!C15-1,"") -> 0.049101516 | J15: =IFERROR('MAU Data'!H27/'MAU Data'!H15-1,"") -> 0.94161874
A16: ='MAU Data'!A28 -> 2025-12 | B16: =IFERROR('MAU Data'!G28/'MAU Data'!G16-1,"") -> 0.11794857 | C16: =IFERROR('MAU Data'!F28/'MAU Data'!F16-1,"") -> 0.074982153 | D16: =IFERROR('MAU Data'!I28/'MAU Data'!I16-1,"") -> -0.069339801 | E16: =IFERROR('MAU Data'!J28/'MAU Data'!J16-1,"") -> 0.11967832 | F16: =IFERROR('MAU Data'!D28/'MAU Data'!D16-1,"") -> -0.11468834 | G16: =IFERROR('MAU Data'!E28/'MAU Data'!E16-1,"") -> -0.29796937 | H16: =IFERROR('MAU Data'!B28/'MAU Data'!B16-1,"") -> -0.063502137 | I16: =IFERROR('MAU Data'!C28/'MAU Data'!C16-1,"") -> 0.01834241 | J16: =IFERROR('MAU Data'!H28/'MAU Data'!H16-1,"") -> 2.7572208
A17: ='MAU Data'!A29 -> 2026-01 | B17: =IFERROR('MAU Data'!G29/'MAU Data'!G17-1,"") -> 0.076456928 | C17: =IFERROR('MAU Data'!F29/'MAU Data'!F17-1,"") -> -0.078909582 | D17: =IFERROR('MAU Data'!I29/'MAU Data'!I17-1,"") -> -0.11753314 | E17: =IFERROR('MAU Data'!J29/'MAU Data'!J17-1,"") -> 0.093799315 | F17: =IFERROR('MAU Data'!D29/'MAU Data'!D17-1,"") -> -0.10905513 | G17: =IFERROR('MAU Data'!E29/'MAU Data'!E17-1,"") -> -0.33162799 | H17: =IFERROR('MAU Data'!B29/'MAU Data'!B17-1,"") -> -0.058583966 | I17: =IFERROR('MAU Data'!C29/'MAU Data'!C17-1,"") -> 0.027961971 | J17: =IFERROR('MAU Data'!H29/'MAU Data'!H17-1,"") -> 7.8246195
A18: ='MAU Data'!A30 -> 2026-02 | B18: =IFERROR('MAU Data'!G30/'MAU Data'!G18-1,"") -> -0.043470627 | C18: =IFERROR('MAU Data'!F30/'MAU Data'!F18-1,"") -> -0.10673466 | D18: =IFERROR('MAU Data'!I30/'MAU Data'!I18-1,"") -> -0.20937786 | E18: =IFERROR('MAU Data'!J30/'MAU Data'!J18-1,"") -> -0.037327481 | F18: =IFERROR('MAU Data'!D30/'MAU Data'!D18-1,"") -> -0.11430638 | G18: =IFERROR('MAU Data'!E30/'MAU Data'!E18-1,"") -> -0.22111836 | H18: =IFERROR('MAU Data'!B30/'MAU Data'!B18-1,"") -> -0.047221353 | I18: =IFERROR('MAU Data'!C30/'MAU Data'!C18-1,"") -> 0.046200891 | J18: =IFERROR('MAU Data'!H30/'MAU Data'!H18-1,"") -> 6.2894169
A19: ='MAU Data'!A31 -> 2026-03 | B19: =IFERROR('MAU Data'!G31/'MAU Data'!G19-1,"") -> -0.10892514 | C19: =IFERROR('MAU Data'!F31/'MAU Data'!F19-1,"") -> -0.17359979 | D19: =IFERROR('MAU Data'!I31/'MAU Data'!I19-1,"") -> -0.15571183 | E19: =IFERROR('MAU Data'!J31/'MAU Data'!J19-1,"") -> -0.1934107 | F19: =IFERROR('MAU Data'!D31/'MAU Data'!D19-1,"") -> -0.1811672 | G19: =IFERROR('MAU Data'!E31/'MAU Data'!E19-1,"") -> -0.25871248 | H19: =IFERROR('MAU Data'!B31/'MAU Data'!B19-1,"") -> -0.062475768 | I19: =IFERROR('MAU Data'!C31/'MAU Data'!C19-1,"") -> 0.015503524 | J19: =IFERROR('MAU Data'!H31/'MAU Data'!H19-1,"") -> 6.4440089
A20: ='MAU Data'!A32 -> 2026-04 | B20: =IFERROR('MAU Data'!G32/'MAU Data'!G20-1,"") -> -0.055829503 | C20: =IFERROR('MAU Data'!F32/'MAU Data'!F20-1,"") -> -0.13625539 | D20: =IFERROR('MAU Data'!I32/'MAU Data'!I20-1,"") -> -0.20340814 | E20: =IFERROR('MAU Data'!J32/'MAU Data'!J20-1,"") -> -0.16074224 | F20: =IFERROR('MAU Data'!D32/'MAU Data'!D20-1,"") -> -0.16801777 | G20: =IFERROR('MAU Data'!E32/'MAU Data'!E20-1,"") -> -0.27069578 | H20: =IFERROR('MAU Data'!B32/'MAU Data'!B20-1,"") -> -0.074876896 | I20: =IFERROR('MAU Data'!C32/'MAU Data'!C20-1,"") -> -0.0021585804 | J20: =IFERROR('MAU Data'!H32/'MAU Data'!H20-1,"") -> 7.4426862
A22: Kalshi YoY % is mechanically meaningless before mid-2025 — denominator near zero. Use absolute scale (see MAU Data tab).

Sheet Charts
A1: Visual Analysis
A3: Chart 1: YoY MAU Growth — DKNG vs Comparable Platforms
A4: Story: DKNG MAU went negative in Feb 2026; FanDuel followed; entire transactional consumer cohort decelerating.
A28: Chart 2: Absolute MAU — DKNG vs Kalshi
A29: Story: Kalshi went from rounding error to peer scale in 24 months while DKNG plateaued.
A53: Chart 3: Q1 2026 vs Q1 2025 — Quarterly Average MAU YoY
A54: Story: Every transactional consumer platform contracting; only Pinterest and Kalshi (taking demand) growing.
A56: App | B56: Q1'26 vs Q1'25 YoY
A57: Coinbase | B57: =AVERAGE('MAU Data'!E29:E31)/AVERAGE('MAU Data'!E17:E19)-1 -> -0.27367336
A58: BetMGM | B58: =AVERAGE('MAU Data'!I29:I31)/AVERAGE('MAU Data'!I17:I19)-1 -> -0.16101361
A59: Robinhood | B59: =AVERAGE('MAU Data'!D29:D31)/AVERAGE('MAU Data'!D17:D19)-1 -> -0.13484624
A60: FanDuel | B60: =AVERAGE('MAU Data'!F29:F31)/AVERAGE('MAU Data'!F17:F19)-1 -> -0.11577312
A61: Snapchat | B61: =AVERAGE('MAU Data'!B29:B31)/AVERAGE('MAU Data'!B17:B19)-1 -> -0.056124025
A62: Fanatics | B62: =AVERAGE('MAU Data'!J29:J31)/AVERAGE('MAU Data'!J17:J19)-1 -> -0.050843464
A63: DraftKings | B63: =AVERAGE('MAU Data'!G29:G31)/AVERAGE('MAU Data'!G17:G19)-1 -> -0.016840328
A64: Pinterest | B64: =AVERAGE('MAU Data'!C29:C31)/AVERAGE('MAU Data'!C17:C19)-1 -> 0.029527886
