Workbook

Sheet YE Predictions Build
A1: DraftKings Predictions — Year-End 2026 Customer Build (extends 1Q26 note, Exhibits 4-7)
A2: Method: take the published World Cup window result, then penetrate the same reached-audience pool (Exhibit 4) across H2 at higher conversion (NFL intent + full product + scaled Predictions-only marketing). Blue = input. Targets: WC window 500-750k; additional 1.25-1.5m through YE (DK conversation).
A4: SHARED ASSUMPTIONS (apply to all scenarios)
B5: Bear | C5: Base | D5: Bull | E5: Source / note
A6: Reached adult pool — OSB-legal states (M) | B6: 81.7 | E6: Exhibit 4 (unique adult viewers, May-Jul window).
A7: Reached adult pool — Predictions-only states (M) | B7: 66.9 | E7: Exhibit 4. Total reached = 148.6M.
A8: Q4 share of H2 adds (%) | B8: 0.7 | E8: Q4 is the dense window (NFL peak, NBA/NHL, MLB playoffs, CFB).
A9: Volume per customer / month ($) | B9: 1111 | E9: Exhibit 6 ($83.3M April consumer vol / 75k customers).
A10: Effective active months (H2 cohort, 2026) | B10: 2 | E10: Partial-period contribution for users acquired across Aug-Dec.
A11: Take rate on volume (%, ILLUSTRATIVE) | B11: 0.04 | E11: PM monetization rate undisclosed; key uncertainty. Flex this.
A13: SCENARIO INPUTS
B14: Bear | C14: Base | D14: Bull | E14: Source / note
A15: World Cup window funded accounts (000s) | B15: 500 | C15: 597 | D15: 750 | E15: Base = published note Exhibit 5/7 (597k). Bear/Bull = DK WC guide bounds 500-750k.
A16: H2 incremental conversion — OSB cohort (%) | B16: 0.004 | C16: 0.006 | D16: 0.008 | E16: Reach-to-funded ON TOP of WC window; below Pred-only (cross-sell, some cannibalization).
A17: H2 incremental conversion — Pred-only cohort (%) | B17: 0.011 | C17: 0.013 | D17: 0.0155 | E17: Higher: net-new, no cannibalization, scaled marketing. Net of engagement headwind (Exh 8-10).
A19: BUILD
B20: Bear | C20: Base | D20: Bull | E20: Source / note
A21: H2 adds — OSB cohort (000s) | B21: =$B$6*B16*1000 -> 326.8 | C21: =$B$6*C16*1000 -> 490.2 | D21: =$B$6*D16*1000 -> 653.6 | E21: calc: reached OSB pool x conversion.
A22: H2 adds — Predictions-only cohort (000s) | B22: =$B$7*B17*1000 -> 735.9 | C22: =$B$7*C17*1000 -> 869.7 | D22: =$B$7*D17*1000 -> 1036.95 | E22: calc: reached Pred-only pool x conversion.
A23: H2 adds — TOTAL (000s) | B23: =B21+B22 -> 1062.7 | C23: =C21+C22 -> 1359.9 | D23: =D21+D22 -> 1690.55 | E23: Additional Predictions accounts, Aug-Dec.
A24: ...of which Q3 (Jul-Sep, 000s) | B24: =B23*(1-$B$8) -> 318.81 | C24: =C23*(1-$B$8) -> 407.97 | D24: =D23*(1-$B$8) -> 507.165 | E24: WC tail + NFL/CFB ramp begins.
A25: ...of which Q4 (Oct-Dec, 000s) | B25: =B23*$B$8 -> 743.89 | C25: =C23*$B$8 -> 951.93 | D25: =D23*$B$8 -> 1183.385 | E25: Densest window carries the bulk.
A26: World Cup window accounts (000s) | B26: =B15 -> 500 | C26: =C15 -> 597 | D26: =D15 -> 750 | E26: From scenario input above.
A27: YE CUMULATIVE Predictions accounts (000s) | B27: =B26+B23 -> 1562.7 | C27: =C26+C23 -> 1956.9 | D27: =D26+D23 -> 2440.55 | E27: World Cup window + H2 additions.
A28: YE cumulative (millions) | B28: =B27/1000 -> 1.5627 | C28: =C27/1000 -> 1.9569 | D28: =D27/1000 -> 2.44055
A30: RECONCILIATION & PLAUSIBILITY CHECKS
B31: Bear | C31: Base | D31: Bull | E31: Source / note
A32: H2 adds vs DK-guided 1.25-1.5m | B32: =IF(AND(B23>=1250,B23<=1500),"in range","below/above") -> below/above | C32: =IF(AND(C23>=1250,C23<=1500),"in range","below/above") -> in range | D32: =IF(AND(D23>=1250,D23<=1500),"in range","below/above") -> below/above | E32: Base should land inside DK's range.
A33: Penetration of 148.6m reached pool (%) | B33: =B27/1000/($B$6+$B$7) -> 0.010516151 | C33: =C27/1000/($B$6+$B$7) -> 0.01316891 | D33: =D27/1000/($B$6+$B$7) -> 0.01642362 | E33: Cumulative funded / unique adults reached.
A34: YE accounts as % of 1Q26 MUP (4.2m) | B34: =B27/1000/4.2 -> 0.37207143 | C34: =C27/1000/4.2 -> 0.46592857 | D34: =D27/1000/4.2 -> 0.58108333 | E34: Sense-check vs current base; Pred-only adds are net-new MUP.
A36: ILLUSTRATIVE VOLUME & REVENUE (take rate undisclosed — flag)
B37: Bear | C37: Base | D37: Bull | E37: Source / note
A38: H2 incremental consumer volume ($M) | B38: =B23*$B$9*$B$10/1000 -> 2361.3194 | C38: =C23*$B$9*$B$10/1000 -> 3021.6978 | D38: =D23*$B$9*$B$10/1000 -> 3756.4021 | E38: calc: H2 adds x vol/cust x active months. Consumer basis (Exh 7).
A39: H2 Predictions revenue ($M, illustrative) | B39: =B38*$B$11 -> 94.452776 | C39: =C38*$B$11 -> 120.86791 | D39: =D38*$B$11 -> 150.25608 | E39: calc: volume x take rate. ILLUSTRATIVE — not in FY26 guidance; FY27 upside.

Sheet Bridge Waterfall
A1: Exhibit: DraftKings Predictions — Cumulative customer bridge to YE 2026 (base case, 000s)
A2: Published World Cup window (597k) + H2 additions (Q3 + Q4) = YE cumulative Predictions accounts. Live-linked to the build tab (base case).
A3: Step | B3: Floating base (hidden) | C3: Increment (000s) | D3: Cumulative (000s)
A4: World Cup window (published) | B4: 0 | C4: ='YE Predictions Build'!C26 -> 597 | D4: =C4 -> 597
A5: + H2 Q3 (Jul-Sep) | B5: ='YE Predictions Build'!C26 -> 597 | C5: ='YE Predictions Build'!C24 -> 407.97 | D5: =B5+C5 -> 1004.97
A6: + H2 Q4 (Oct-Dec) | B6: ='YE Predictions Build'!C26+'YE Predictions Build'!C24 -> 1004.97 | C6: ='YE Predictions Build'!C25 -> 951.93 | D6: =B6+C6 -> 1956.9
A7: YE cumulative | B7: 0 | C7: ='YE Predictions Build'!C27 -> 1956.9 | D7: =C7 -> 1956.9

Sheet Notes & Sources
A1: Method, sources & caveats
A3: Logic
A4: 1. The 1Q26 note models only the World Cup window (May-Jul): Exhibit 4 reach (148.6m unique adults = 81.7m OSB + 66.9m Pred-only) -> Exhibit 5 funnel -> ~597k base funded accounts. We anchor the WC window at the note's published 597k base; Bear/Bull use DK's 500-750k WC range.
A5: 2. To extend to year-end we penetrate the SAME 148.6m reached pool again across H2, rather than scaling impressions (which double-counts: each person is acquired once). H2 conversion is set ABOVE the WC window because NFL is a higher betting-intent audience, the product is fully live (combos, RailBird/exchange, Spanish app), and Predictions-only-state marketing is scaled - partially offset by the sector engagement headwind (Exhibits 8-10).
A6: 3. H2 base converts an additional ~0.6% of the OSB pool and ~1.3% of the Pred-only pool = ~1.36m, landing inside DK's 1.25-1.5m. YE cumulative base = 597k + 1.36m = ~1.96m, or ~1.3% of the reached pool and ~47% of the 4.2m MUP base.
A7: Sources
A8: Reached pool, funnel, vol/customer: Bernstein DKNG 1Q26 note (10 May 2026), Exhibits 4-7. MUP base 4.2m, Exhibit 26. WC window 500-750k and H2 +1.25-1.5m: DK conversation (per desk).
A9: Caveats
A10: Take rate on PM volume is undisclosed - the single biggest swing on revenue; the 4% default is illustrative only. Flex it.
A11: Retention of event-acquired cohorts is the key risk (note's own bull-case caveat); 'effective active months' is the lever for it here.
A12: OSB-cohort adds are partly cross-sell of existing MUP (not all net-new); Pred-only adds are net-new MUP. Weight MUP accretion to Pred-only.
A13: Engagement headwind (Exhibits 8-10: DK MAU -5.6% Apr) argues for caution; the offset is that Predictions pulls net-new from Pred-only states least reflected in those OSB MAU lines.
A14: Regulatory: the Pred-only ramp depends on continued CFTC standing of PM sports contracts (state challenges ongoing).
