Workbook

Sheet README & Methodology
B2: Revenue per Viewing Hour — Formula 1 vs. Major Sports
B3: How efficiently each sport converts live audience attention into media-rights and total commercial revenue
B4: Prepared June 2026 • Currency USD • Most-recent reported full season • v2 (U.S. panel rebuilt on total-U.S. basis)
B6: 1. THE METRIC
B7: Revenue per viewing hour = annual revenue ÷ annual live viewing hours. A LOW figure means the sport delivers
B8: a lot of audience attention relative to what it earns; a HIGH figure means each hour of attention is monetized richly
B9: (scarce, premium inventory, or revenue that comes from sources other than eyeballs).
B11: 2. HOW VIEWING HOURS ARE BUILT
B12: Live viewing hours = average live audience per event × number of events × live broadcast hours per event.
B13: For U.S. team leagues this is summed across BOTH national windows AND local/regional (RSN) broadcasts, plus
B14: in-market streaming where reported. Broadcast duration, event counts and the LOCAL average audience are editable
B15: assumptions (shaded yellow in the Inputs tab). Change them to flex the model.
... B38: 6. COLOR KEY
B39: Blue | C39: Hardcoded sourced input
B40: Black | C40: Formula / calculation
B41: Green | C41: Pulls from another worksheet
B42: Yellow cell | C42: Editable assumption (duration, event count, local audience)
B44: 7. PRIMARY SOURCES
B45: F1 / MotoGP financials | C45: Liberty Media Q4/FY2025 results, 26-Feb-2026. F1 media = 31.3% of F1 revenue; MotoGP media = 41.2%.
B46: F1 audience | C46: Nielsen via Broadcast/BlackBook, Mar-2026: 1.83bn cumulative; 76.1M avg/GP (2025). U.S.: 1.32M avg/race (ESPN, 2025).
B47: F1 U.S. rights | C47: Apple–F1 5-yr deal ~$140M/yr from 2026 (Sportcal/CNBC, Oct-2025); ESPN paid ~$85–90M/yr (2025).
B48: MotoGP audience | C48: Nielsen Sport 2020 via RTR Sports: ~24.2M avg/race (dated — Low confidence).
B49: NFL | C49: FOS/Nielsen 17.5M avg/game (2024); national rights ~$10B/yr (S&P Kagan/Statista; ~$12.4B incl. Sunday Ticket); revenue ~$23B.
B50: NBA | C50: NBA.com/ESPN Apr-2026: 920M national hrs, 1.78M avg/game; $76B/11yr=$6.9B/yr national; local ~$1.2B (Sportico, ~10% of rev); total rev ~$11B.
B51: MLB | C51: CNBC/Sportico: national rights ~$1.7B; local RSN ~$2.2B aggregate (theberkidabrief/Sportico); MLB.TV 19.4B min=323M hrs; total rev ~$11–12B.
B52: NHL | C52: SBJ/Sportico: ~0.50M avg/national game; U.S. national rights ~$625M; U.S. local ~$0.35B (≈11% of rev, Sportico); U.S. revenue ~$5.5B (excl. Canada).
B53: Premier League | C53: arthnova/theesk/footballtransfers 2025-26: media ~£3.84B≈$4.8B/yr; 380 matches; cumulative global audience ~3.2bn.
B54: Champions League | C54: Statista/GlobalData/businesstats: media ~€3.3B≈$3.6B; total ~$4–5B; 36-team format ~189 matches; per-match global audience estimated.

Sheet Inputs
B2: INPUTS — sourced figures & editable assumptions
B3: Blue = sourced input. Yellow = editable assumption. Revenue in $ millions; audience in millions.
B5: Sport | C5: Year | D5: Media rights ($mm) | E5: Primary rev ($mm) | F5: Total rev ($mm) | G5: Avg aud/event (mm) | H5: Events | I5: Bcast hrs /event | J5: Conf | K5: Scope | L5: Source / notes
B6: GLOBAL (worldwide rights & audience)
B7: Formula 1 | C7: 2025 | D7: 1212 | E7: 3086 | F7: 3873 | G7: 76.1 | H7: 24 | I7: 2 | J7: Med | K7: Global | L7: Liberty FY25: total $3,873M; media 31.3%=$1,212M; primary $3,086M. Nielsen 76.1M avg/GP.
B8: MotoGP | C8: 2025 | D8: 236 | E8: 502 | F8: 573 | G8: 24.2 | H8: 22 | I8: 1 | J8: Low | K8: Global | L8: Liberty FY25: total $573M; media 41.2%=$236M. Nielsen 2020: 24.2M avg/race (dated).
B9: Premier League | C9: 2025/26 | D9: 4800 | E9: 5100 | F9: 5100 | G9: 8.4 | H9: 380 | I9: 2 | J9: Low | K9: Global | L9: Media ~£3.84B≈$4.8B +central spons. Cumulative 3.2bn/380=8.4M avg/match (est.).
B10: Champions League | C10: 2024/25 | D10: 3600 | E10: 4500 | F10: 4500 | G10: 20 | H10: 189 | I10: 2 | J10: V.Low | K10: Global | L10: Media ~€3.3B≈$3.6B; total $4–5B. ~189 matches. Per-match global aud 20M = estimate.
B13: Sport | C13: Year | D13: Natl media ($mm) | E13: Local media ($mm) | F13: Total US rev ($mm) | G13: Natl avg aud (mm) | H13: Natl telecasts | I13: Local games | J13: Local avg aud (mm) LOW | K13: BASE | L13: HIGH | M13: Bcast hrs /game | N13: Streaming hrs (mm) | O13: Conf | P13: Source / notes
B14: U.S. (total-U.S. basis: national + local + streaming)
B15: Formula 1 (U.S.) | C15: 2026 | D15: 140 | E15: 0 | F15: n/a | G15: 1.32 | H15: 24 | I15: 0 | J15: 0 | K15: 0 | L15: 0 | M15: 2 | N15: 0 | O15: Med | P15: Apple ~$140M/yr (2026-30). 1.32M avg/race U.S. No local broadcasts.
B16: NFL | C16: 2024 | D16: 10000 | E16: 0 | F16: 23000 | G16: 17.5 | H16: 272 | I16: 0 | J16: 0 | K16: 0 | L16: 0 | M16: 3 | N16: 0 | O16: Med | P16: All rights centralized/national (~$10B; up to $12.4B incl Sunday Ticket). 17.5M avg/game. No RSN. Rev ~$23B.
B17: NBA | C17: 2025/26 | D17: 6900 | E17: 1200 | F17: 11000 | G17: 1.78 | H17: 207 | I17: 1110 | J17: 0.045 | K17: 0.075 | L17: 0.12 | M17: 2.5 | N17: 0 | O17: Med | P17: National $6.9B; local ~$1.2B (≈10% of rev). 207 natl telecasts ≈920M hrs (league-published). ~1,110 local games.
B18: MLB | C18: 2025 | D18: 1700 | E18: 2200 | F18: 11000 | G18: 1.9 | H18: 130 | I18: 2300 | J18: 0.06 | K18: 0.1 | L18: 0.15 | M18: 3 | N18: 323 | O18: Low | P18: National $1.7B; local RSN ~$2.2B aggregate. ~2,300 local games. MLB.TV 19.4B min=323M hrs. Rev ~$11B.
B19: NHL (U.S.) | C19: 2024/25 | D19: 625 | E19: 350 | F19: 5500 | G19: 0.5 | H19: 126 | I19: 1200 | J19: 0.03 | K19: 0.05 | L19: 0.09 | M19: 2.5 | N19: 0 | O19: Low | P19: U.S. national $625M; U.S. local ~$0.35B. ~1,200 local games. Canada excluded. U.S. rev ~$5.5B (gate-heavy).
B21: Local-audience LOW/BASE/HIGH columns drive the sensitivity range on the U.S. analysis tab. Edit them to test scenarios.

Sheet Analysis - Global
B2: GLOBAL PANEL — revenue per worldwide viewing hour
B3: Global media-rights / total revenue ÷ global live viewing hours. Lower $ = more attention per revenue dollar.
B5: Sport | C5: Media rights ($mm) | D5: Primary rev ($mm) | E5: Total rev ($mm) | F5: Viewing hrs (mm) | G5: MEDIA RIGHTS per view-hr ($) | H5: PRIMARY rev per view-hr ($) | I5: TOTAL rev per view-hr ($) | J5: Conf
B6: Formula 1 | C6: =Inputs!D7 -> 1212 | D6: =Inputs!E7 -> 3086 | E6: =Inputs!F7 -> 3873 | F6: =Inputs!G7*Inputs!H7*Inputs!I7 -> 3652.8 | G6: =C6/F6 -> 0.33180026 | H6: =D6/F6 -> 0.84483136 | I6: =E6/F6 -> 1.0602825 | J6: =Inputs!J7 -> Med
B7: MotoGP | C7: =Inputs!D8 -> 236 | D7: =Inputs!E8 -> 502 | E7: =Inputs!F8 -> 573 | F7: =Inputs!G8*Inputs!H8*Inputs!I8 -> 532.4 | G7: =C7/F7 -> 0.44327573 | H7: =D7/F7 -> 0.94290008 | I7: =E7/F7 -> 1.0762585 | J7: =Inputs!J8 -> Low
B8: Premier League | C8: =Inputs!D9 -> 4800 | D8: =Inputs!E9 -> 5100 | E8: =Inputs!F9 -> 5100 | F8: =Inputs!G9*Inputs!H9*Inputs!I9 -> 6384 | G8: =C8/F8 -> 0.7518797 | H8: =D8/F8 -> 0.79887218 | I8: =E8/F8 -> 0.79887218 | J8: =Inputs!J9 -> Low
B9: Champions League | C9: =Inputs!D10 -> 3600 | D9: =Inputs!E10 -> 4500 | E9: =Inputs!F10 -> 4500 | F9: =Inputs!G10*Inputs!H10*Inputs!I10 -> 7560 | G9: =C9/F9 -> 0.47619048 | H9: =D9/F9 -> 0.5952381 | I9: =E9/F9 -> 0.5952381 | J9: =Inputs!J10 -> V.Low
B11: F1 'Primary revenue' = race promotion + media rights + sponsorship (Liberty's defined segment). Viewing hrs = avg aud × events × bcast hrs.
B12: Read-across: F1's huge global viewing hours make its MEDIA-RIGHTS per hour modest, but its diversified model lifts TOTAL revenue per hour above peers.

Sheet Analysis - US
B2: U.S. PANEL — revenue per TOTAL-U.S. viewing hour
B3: Total U.S. media rights (national + local) ÷ total U.S. viewing hours (national + local + streaming). NBA/MLB/NHL shown as ranges (local viewing estimated).
B5: Sport | C5: Total media ($mm) | D5: Total US view- hrs, base (mm) | E5: MEDIA $/hr BASE | F5: MEDIA $/hr HIGH (low local) | G5: MEDIA $/hr LOW (high local) | H5: Total US rev ($mm) | I5: TOTAL rev $/hr (base) | J5: Conf
B6: Formula 1 (U.S.) | C6: =Inputs!D15+Inputs!E15 -> 140 | D6: =(Inputs!G15*Inputs!H15*Inputs!M15)+(Inputs!I15*Inputs!K15*Inputs!M15)+Inputs!N15 -> 63.36 | E6: =C6/D6 -> 2.209596 | F6: =C6/((Inputs!G15*Inputs!H15*Inputs!M15)+(Inputs!I15*Inputs!J15*Inputs!M15)+Inputs!N15) -> 2.209596 | G6: =C6/((Inputs!G15*Inputs!H15*Inputs!M15)+(Inputs!I15*Inputs!L15*Inputs!M15)+Inputs!N15) -> 2.209596 | H6: =IF(ISNUMBER(Inputs!F15),Inputs!F15,"n/a") -> n/a | I6: =IF(ISNUMBER(Inputs!F15),Inputs!F15/D6,"n/a") -> n/a | J6: =Inputs!O15 -> Med
B7: NFL | C7: =Inputs!D16+Inputs!E16 -> 10000 | D7: =(Inputs!G16*Inputs!H16*Inputs!M16)+(Inputs!I16*Inputs!K16*Inputs!M16)+Inputs!N16 -> 14280 | E7: =C7/D7 -> 0.70028011 | F7: =C7/((Inputs!G16*Inputs!H16*Inputs!M16)+(Inputs!I16*Inputs!J16*Inputs!M16)+Inputs!N16) -> 0.70028011 | G7: =C7/((Inputs!G16*Inputs!H16*Inputs!M16)+(Inputs!I16*Inputs!L16*Inputs!M16)+Inputs!N16) -> 0.70028011 | H7: =IF(ISNUMBER(Inputs!F16),Inputs!F16,"n/a") -> 23000 | I7: =IF(ISNUMBER(Inputs!F16),Inputs!F16/D7,"n/a") -> 1.6106443 | J7: =Inputs!O16 -> Med
B8: NBA | C8: =Inputs!D17+Inputs!E17 -> 8100 | D8: =(Inputs!G17*Inputs!H17*Inputs!M17)+(Inputs!I17*Inputs!K17*Inputs!M17)+Inputs!N17 -> 1129.275 | E8: =C8/D8 -> 7.1727436 | F8: =C8/((Inputs!G17*Inputs!H17*Inputs!M17)+(Inputs!I17*Inputs!J17*Inputs!M17)+Inputs!N17) -> 7.7436008 | G8: =C8/((Inputs!G17*Inputs!H17*Inputs!M17)+(Inputs!I17*Inputs!L17*Inputs!M17)+Inputs!N17) -> 6.4585576 | H8: =IF(ISNUMBER(Inputs!F17),Inputs!F17,"n/a") -> 11000 | I8: =IF(ISNUMBER(Inputs!F17),Inputs!F17/D8,"n/a") -> 9.7407629 | J8: =Inputs!O17 -> Med
B9: MLB | C9: =Inputs!D18+Inputs!E18 -> 3900 | D9: =(Inputs!G18*Inputs!H18*Inputs!M18)+(Inputs!I18*Inputs!K18*Inputs!M18)+Inputs!N18 -> 1754 | E9: =C9/D9 -> 2.2234892 | F9: =C9/((Inputs!G18*Inputs!H18*Inputs!M18)+(Inputs!I18*Inputs!J18*Inputs!M18)+Inputs!N18) -> 2.6387009 | G9: =C9/((Inputs!G18*Inputs!H18*Inputs!M18)+(Inputs!I18*Inputs!L18*Inputs!M18)+Inputs!N18) -> 1.8580276 | H9: =IF(ISNUMBER(Inputs!F18),Inputs!F18,"n/a") -> 11000 | I9: =IF(ISNUMBER(Inputs!F18),Inputs!F18/D9,"n/a") -> 6.2713797 | J9: =Inputs!O18 -> Low
B10: NHL (U.S.) | C10: =Inputs!D19+Inputs!E19 -> 975 | D10: =(Inputs!G19*Inputs!H19*Inputs!M19)+(Inputs!I19*Inputs!K19*Inputs!M19)+Inputs!N19 -> 307.5 | E10: =C10/D10 -> 3.1707317 | F10: =C10/((Inputs!G19*Inputs!H19*Inputs!M19)+(Inputs!I19*Inputs!J19*Inputs!M19)+Inputs!N19) -> 3.9393939 | G10: =C10/((Inputs!G19*Inputs!H19*Inputs!M19)+(Inputs!I19*Inputs!L19*Inputs!M19)+Inputs!N19) -> 2.2807018 | H10: =IF(ISNUMBER(Inputs!F19),Inputs!F19,"n/a") -> 5500 | I10: =IF(ISNUMBER(Inputs!F19),Inputs!F19/D10,"n/a") -> 17.886179 | J10: =Inputs!O19 -> Low
B12: BASE uses the BASE local-audience assumption. HIGH/LOW columns flex local viewing down/up (Inputs LOW/HIGH cells) — note: less local viewing → higher $/hr.
B13: NFL & F1 have no local broadcasts, so their three MEDIA $/hr columns are identical (clean point estimates).
B14: Interpretation: the NFL delivers so much attention that its rights are the CHEAPEST per hour. The NBA's new $76B deal is the most EXPENSIVE per hour.
B15: NHL's high TOTAL-rev/hr reflects gate-driven revenue over low U.S. viewing — expected, not an error. Canada excluded throughout.

Sheet Charts
B2: Charts — revenue per viewing hour
B3: U.S. bars use the BASE local-viewing assumption; NBA/MLB/NHL carry ranges (see Analysis - US). See README for caveats.
L40: U.S. = total-U.S. basis (national + local + streaming).
