Workbook

Sheet README & Methodology
B2: Revenue per Viewing Hour — Formula 1 vs. Major Sports
B3: How efficiently each sport converts audience attention into media-rights and total commercial revenue
B4: Prepared: June 2026 | Currency: USD | All figures most-recent reported full season
B6: 1. THE QUESTION
B7: The client asked: for each dollar of media-rights revenue (and each dollar of total commercial revenue),
B8: how many hours of live audience attention does the sport generate? Equivalently — what is revenue PER
B9: VIEWING HOUR? A low $/hour means the sport delivers a great deal of attention relative to what it earns;
B10: a high $/hour means it monetizes each hour of attention very richly (scarce, premium inventory).
B12: 2. HOW 'VIEWING HOURS' ARE BUILT
B13: Live viewing hours = average live audience per event × number of events × live broadcast hours per event.
B14: This estimates total fan-hours of live attention across a season. Broadcast duration and event counts are
B15: ASSUMPTIONS (shaded yellow in the Inputs tab) — change them to flex the model. Where a league publishes a
... B37: 5. COLOR KEY
B38: Blue text | C38: Hardcoded input (sourced)
B39: Black text | C39: Formula / calculation
B40: Green text | C40: Pulls from another worksheet
B41: Yellow cell | C41: Editable assumption (duration, event count)
B44: 6. PRIMARY SOURCES
B45: F1 & MotoGP financials | C45: Liberty Media Corp. Q4/FY2025 results, 26 Feb 2026 (libertymedia.com). F1 media-rights = 31.3% of total F1 revenue; MotoGP media-rights = 41.2%.
B46: F1 global audience | C46: Nielsen via Broadcast/BlackBook Motorsport, Mar 2026: 1.83bn cumulative; 76.1M average per Grand Prix (2025, excl. YouTube).
B47: F1 U.S. rights | C47: Apple–F1 5-yr deal ~$140M/yr from 2026 (Sportcal, CNBC, Hollywood Reporter, Oct 2025); ESPN paid ~$85–90M/yr (2025).
B48: F1 U.S. audience | C48: ESPN / BlackBook: 1.32M average per race on U.S. TV (2025 season).
B49: MotoGP audience | C49: Nielsen Sport 2020 via RTR Sports: 24.2M average audience per race (dated — flagged Low confidence).
B50: NFL | C50: Front Office Sports / Nielsen: 17.5M avg per game (2024). Rights ~$10B/yr core (S&P Kagan/Statista; up to ~$12.4B incl. Sunday Ticket). Revenue ~$23B (Sportsnaut).
B51: NBA | C51: NBA.com / ESPN, Apr 2026: 920M+ national viewing hours, 1.78M avg per game (2025-26); $76B / 11-yr rights = ~$6.9B/yr; total revenue ~$11B (est.).
B52: MLB | C52: CNBC / Sportico, Nov 2025: national rights ~$1.7B/yr; 1.8–2.28M avg per national game; total league revenue ~$12.1B (incl. local).
B53: NHL | C53: Sportico / Sports Media Watch: 435–504K avg per national game; ESPN+TNT U.S. rights ~$625M/yr; total league revenue ~$6.8B.
B54: Premier League | C54: arthnova / theesk / footballtransfers 2025-26: media rights ~£3.84B (~$4.8B)/yr; 380 matches; cumulative global audience ~3.2bn.
B55: Champions League | C55: Statista / GlobalData / businesstats: ~€3.3B media rights (2023/24) rising with 36-team format; total ~$4–5B; ~189 matches. Per-match global audience estimated.

Sheet Inputs
B2: INPUTS — sourced figures & editable assumptions
B3: Blue = sourced input. Yellow = assumption you can change. Revenue in $ millions; audience in millions.
B5: Sport | C5: Year | D5: Media rights ($mm) | E5: Core/primary revenue ($mm) | F5: Total revenue ($mm) | G5: Avg live aud. per event (mm) | H5: Events (#) | I5: Bcast hrs per event | J5: VH conf. | K5: Scope | L5: Source / notes
B7: GLOBAL (worldwide rights & audience)
B8: Formula 1 | C8: 2025 | D8: 1212 | E8: 3086 | F8: 3873 | G8: 76.1 | H8: 24 | I8: 2 | J8: Med | K8: Global | L8: Liberty FY2025: total F1 rev $3,873M; media 31.3%=$1,212M; primary $3,086M. Nielsen 2025: 76.1M avg/GP.
B9: MotoGP | C9: 2025 | D9: 236 | E9: 502 | F9: 573 | G9: 24.2 | H9: 22 | I9: 1 | J9: Low | K9: Global | L9: Liberty FY2025: total $573M; media 41.2%=$236M; primary $502M. Nielsen Sport 2020: 24.2M avg/race (dated).
B10: Premier League | C10: 2025/26 | D10: 4800 | E10: 5100 | F10: 5100 | G10: 8.4 | H10: 380 | I10: 2 | J10: Low | K10: Global | L10: Media ~£3.84B≈$4.8B/yr; +central sponsorship≈$0.3B. Cumulative 3.2bn / 380 = 8.4M avg/match (estimate).
B11: Champions League | C11: 2024/25 | D11: 3600 | E11: 4500 | F11: 4500 | G11: 20 | H11: 189 | I11: 2 | J11: V.Low | K11: Global | L11: Media ~€3.3B≈$3.6B; total $4–5B. 36-team format ~189 matches. Per-match global audience 20M = estimate.
B13: U.S. (national telecasts only)
B14: Formula 1 (U.S.) | C14: 2026 | D14: 140 | E14: n/a | F14: n/a | G14: 1.32 | H14: 24 | I14: 2 | J14: Med | K14: U.S. national | L14: Apple deal ~$140M/yr (2026-30). ESPN 1.32M avg/race U.S. (2025).
B15: NFL | C15: 2024 | D15: 10000 | E15: n/a | F15: 23000 | G15: 17.5 | H15: 272 | I15: 3 | J15: Med | K15: U.S. national | L15: Core national rights ~$10B/yr (up to ~$12.4B incl. Sunday Ticket). Rev ~$23B. 17.5M avg/game; 272 reg-season games.
B16: NBA | C16: 2025/26 | D16: 6900 | E16: n/a | F16: 11000 | G16: 1.78 | H16: 207 | I16: 2.5 | J16: Med | K16: U.S. national | L16: $76B/11yr=$6.9B/yr. 1.78M avg/game; 207 national telecasts × 2.5h ≈ 920M hrs (matches league-published). Total rev ~$11B.
B17: MLB | C17: 2025 | D17: 1700 | E17: n/a | F17: 12100 | G17: 1.9 | H17: 130 | I17: 3 | J17: Low | K17: U.S. national | L17: National rights ~$1.7B/yr. ~1.9M avg/national game; ~130 national telecasts. Total league rev ~$12.1B (mostly local/gate).
B18: NHL | C18: 2024/25 | D18: 625 | E18: n/a | F18: 6800 | G18: 0.5 | H18: 126 | I18: 2.5 | J18: Low | K18: U.S. national | L18: ESPN+TNT U.S. rights ~$625M/yr. ~0.50M avg/national game; ~126 national telecasts. Total league rev ~$6.8B.

Sheet Analysis - Global
B2: GLOBAL PANEL — revenue per worldwide viewing hour
B3: Global media-rights / total revenue ÷ global live viewing hours. Lower $ = more attention per revenue dollar; higher $ = richer monetization per hour.
B5: Sport | C5: Media rights ($mm) | D5: Primary rev. ($mm) | E5: Total rev. ($mm) | F5: Viewing hrs (mm) | G5: MEDIA RIGHTS per view-hr ($) | H5: PRIMARY rev. per view-hr ($) | I5: TOTAL rev. per view-hr ($) | J5: Conf.
B6: Formula 1 | C6: =Inputs!D8 -> 1212 | D6: =IF(ISNUMBER(Inputs!E8),Inputs!E8,"n/a") -> 3086 | E6: =IF(ISNUMBER(Inputs!F8),Inputs!F8,"n/a") -> 3873 | F6: =Inputs!G8*Inputs!H8*Inputs!I8 -> 3652.8 | G6: =C6/F6 -> 0.33180026 | H6: =IF(ISNUMBER(D6),D6/F6,"n/a") -> 0.84483136 | I6: =IF(ISNUMBER(E6),E6/F6,"n/a") -> 1.0602825 | J6: =Inputs!J8 -> Med
B7: MotoGP | C7: =Inputs!D9 -> 236 | D7: =IF(ISNUMBER(Inputs!E9),Inputs!E9,"n/a") -> 502 | E7: =IF(ISNUMBER(Inputs!F9),Inputs!F9,"n/a") -> 573 | F7: =Inputs!G9*Inputs!H9*Inputs!I9 -> 532.4 | G7: =C7/F7 -> 0.44327573 | H7: =IF(ISNUMBER(D7),D7/F7,"n/a") -> 0.94290008 | I7: =IF(ISNUMBER(E7),E7/F7,"n/a") -> 1.0762585 | J7: =Inputs!J9 -> Low
B8: Premier League | C8: =Inputs!D10 -> 4800 | D8: =IF(ISNUMBER(Inputs!E10),Inputs!E10,"n/a") -> 5100 | E8: =IF(ISNUMBER(Inputs!F10),Inputs!F10,"n/a") -> 5100 | F8: =Inputs!G10*Inputs!H10*Inputs!I10 -> 6384 | G8: =C8/F8 -> 0.7518797 | H8: =IF(ISNUMBER(D8),D8/F8,"n/a") -> 0.79887218 | I8: =IF(ISNUMBER(E8),E8/F8,"n/a") -> 0.79887218 | J8: =Inputs!J10 -> Low
B9: Champions League | C9: =Inputs!D11 -> 3600 | D9: =IF(ISNUMBER(Inputs!E11),Inputs!E11,"n/a") -> 4500 | E9: =IF(ISNUMBER(Inputs!F11),Inputs!F11,"n/a") -> 4500 | F9: =Inputs!G11*Inputs!H11*Inputs!I11 -> 7560 | G9: =C9/F9 -> 0.47619048 | H9: =IF(ISNUMBER(D9),D9/F9,"n/a") -> 0.5952381 | I9: =IF(ISNUMBER(E9),E9/F9,"n/a") -> 0.5952381 | J9: =Inputs!J11 -> V.Low
B11: Viewing hours = avg audience/event × events × broadcast hrs (Inputs tab). F1 'Primary revenue' = race promotion + media rights + sponsorship (Liberty's defined segment).
B12: Read-across: F1 generates enormous global viewing hours, so its MEDIA-RIGHTS per hour is modest — but its diversified model lifts TOTAL revenue per hour well above peers.

Sheet Analysis - US
B2: U.S. PANEL — revenue per U.S. NATIONAL viewing hour
B3: U.S. national media rights ÷ U.S. national viewing hours. Note: NBA/MLB/NHL exclude large LOCAL/RSN viewing — see README caveats. Media-rights/hr is the clean metric.
B5: Sport | C5: Media rights ($mm) | D5: Total rev. ($mm) | E5: Viewing hrs (mm) | F5: MEDIA RIGHTS per view-hr ($) | G5: TOTAL rev. per view-hr ($) | H5: Conf.
B6: Formula 1 (U.S.) | C6: =Inputs!D14 -> 140 | D6: =IF(ISNUMBER(Inputs!F14),Inputs!F14,"n/a") -> n/a | E6: =Inputs!G14*Inputs!H14*Inputs!I14 -> 63.36 | F6: =C6/E6 -> 2.209596 | G6: =IF(ISNUMBER(D6),D6/E6,"n/a") -> n/a | H6: =Inputs!J14 -> Med
B7: NFL | C7: =Inputs!D15 -> 10000 | D7: =IF(ISNUMBER(Inputs!F15),Inputs!F15,"n/a") -> 23000 | E7: =Inputs!G15*Inputs!H15*Inputs!I15 -> 14280 | F7: =C7/E7 -> 0.70028011 | G7: =IF(ISNUMBER(D7),D7/E7,"n/a") -> 1.6106443 | H7: =Inputs!J15 -> Med
B8: NBA | C8: =Inputs!D16 -> 6900 | D8: =IF(ISNUMBER(Inputs!F16),Inputs!F16,"n/a") -> 11000 | E8: =Inputs!G16*Inputs!H16*Inputs!I16 -> 921.15 | F8: =C8/E8 -> 7.4906367 | G8: =IF(ISNUMBER(D8),D8/E8,"n/a") -> 11.941595 | H8: =Inputs!J16 -> Med
B9: MLB | C9: =Inputs!D17 -> 1700 | D9: =IF(ISNUMBER(Inputs!F17),Inputs!F17,"n/a") -> 12100 | E9: =Inputs!G17*Inputs!H17*Inputs!I17 -> 741 | F9: =C9/E9 -> 2.294197 | G9: =IF(ISNUMBER(D9),D9/E9,"n/a") -> 16.329285 | H9: =Inputs!J17 -> Low
B10: NHL | C10: =Inputs!D18 -> 625 | D10: =IF(ISNUMBER(Inputs!F18),Inputs!F18,"n/a") -> 6800 | E10: =Inputs!G18*Inputs!H18*Inputs!I18 -> 157.5 | F10: =C10/E10 -> 3.968254 | G10: =IF(ISNUMBER(D10),D10/E10,"n/a") -> 43.174603 | H10: =Inputs!J18 -> Low
B12: CAUTION: NBA/MLB/NHL 'Total rev. per hr' divides LEAGUE-WIDE revenue by NATIONAL-only viewing hours and overstates true per-hour value. Use MEDIA-RIGHTS per hour for like-for-like.
B13: NBA viewing hours (≈920M) reproduce the league's own published national figure. F1's U.S. slice monetizes each national hour richly given its small but premium U.S. audience.

Sheet Charts
B2: Charts — revenue per viewing hour
B3: Bars read from the Analysis tabs. See README for scope and caveats.
L40: * league-wide revenue ÷ national-only hours — directional only (see caveats).
