Workbook

Sheet Handle
A1: Common Name | B1: 44927 | C1: 44958 | D1: 44986 | E1: 45017 | F1: 45047 | G1: 45078 | H1: 45108 | I1: 45139 | J1: 45170 | K1: 45200 | L1: 45231 | M1: 45261 | N1: 45292 | O1: 45323 | P1: 45352 | Q1: 45383 | R1: 45413 | S1: 45444 | T1: 45474 | U1: 45505 | V1: 45536 | W1: 45566 | X1: 45597 | Y1: 45627 | Z1: 45658 | AA1: 45689 | AB1: 45717 | AC1: 45748 | AD1: 45778 | AE1: 45809 | AF1: 45839 | AG1: 45870 | AH1: 45901
A2: Betway | B2: 782343 | C2: 934336 | D2: 1018218 | E2: 972025 | F2: 681086 | G2: 561382 | H2: 530417 | I2: 373078 | J2: 954093 | K2: 758128 | L2: 691003 | M2: 1087284 | N2: 1313030 | O2: 845227 | P2: 803129 | Q2: 558435 | R2: 450404 | S2: 502884 | T2: 296076 | U2: 0
A3: FanDuel | B3: 494179212 | C3: 232754873 | D3: 258541665 | E3: 184592054 | F3: 158513074 | G3: 120326665 | H3: 106671356 | I3: 115840780 | J3: 207847634 | K3: 258646980 | L3: 293251869 | M3: 289006976 | N3: 282737354 | O3: 222210882 | P3: 265855964 | Q3: 226710834 | R3: 199844971 | S3: 159376044 | T3: 139365027 | U3: 165697906 | V3: 275996686 | W3: 307227901 | X3: 351149157 | Y3: 336719507 | Z3: 358607237 | AA3: 247466351 | AB3: 326548267 | AC3: 271745566 | AD3: 251282529 | AE3: 196771688 | AF3: 175397278 | AG3: 207592377 | AH3: 306128745
A4: Betfred | B4: 4060877 | C4: 2869950 | D4: 3657058 | E4: 1793584 | F4: 1755701 | G4: 1437342 | H4: 1363391 | I4: 1982786 | J4: 2308346 | K4: 1711329 | L4: 1422894 | M4: 756332 | N4: 803872 | O4: 702552 | P4: 1037076 | Q4: 419572 | R4: 476379 | S4: 453912 | T4: 276091 | U4: 31153 | V4: 0
A5: Bally Bet | I5: 8713 | J5: 612889 | K5: 934330 | L5: 2281792 | M5: 1915400 | N5: 3026203 | O5: 1352750 | P5: 1011394 | Q5: 1195483 | R5: 1122439 | S5: 1391168 | T5: 1566120 | U5: 2235069 | V5: 4233455 | W5: 3394207 | X5: 4690965 | Y5: 3767806 | Z5: 3459930 | AA5: 2183648 | AB5: 3338379 | AC5: 2619025 | AD5: 2448777 | AE5: 2105936 | AF5: 2292116 | AG5: 2831975 | AH5: 3639198
A6: bet365 | B6: 38627269 | C6: 30988882 | D6: 54463274 | E6: 36914852 | F6: 32094465 | G6: 26545273 | H6: 23524742 | I6: 27583961 | J6: 41853911 | K6: 45668617 | L6: 45375960 | M6: 47314496 | N6: 50048412 | O6: 44644899 | P6: 57251630 | Q6: 48886511 | R6: 45009398 | S6: 51970801 | T6: 51908218 | U6: 59412929 | V6: 68008511 | W6: 72229539 | X6: 76634065 | Y6: 77077409 | Z6: 82985610 | AA6: 69778442 | AB6: 89936456 | AC6: 77158006 | AD6: 68787632 | AE6: 57678280 | AF6: 51831498 | AG6: 58751132 | AH6: 75848261
A7: Fanatics | E7: 431708 | F7: 1039187 | G7: 2240706 | H7: 3288949 | I7: 6855407 | J7: 23659055 | K7: 24255021 | L7: 25483252 | M7: 19098816 | N7: 15737934 | O7: 14616780 | P7: 23188858 | Q7: 21773442 | R7: 18946413 | S7: 17826130 | T7: 18962667 | U7: 23837169 | V7: 35573123 | W7: 41693272 | X7: 54633693 | Y7: 37380294 | Z7: 37935749 | AA7: 31287813 | AB7: 49240050 | AC7: 46337454 | AD7: 41411508 | AE7: 29725576 | AF7: 28314982 | AG7: 36852008 | AH7: 52344635
A8: Tipico | B8: 10695736 | C8: 8075517 | D8: 10131433 | E8: 7164998 | F8: 4722789 | G8: 4056562 | H8: 4717479 | I8: 4638336 | J8: 7286860 | K8: 5535838 | L8: 6702598 | M8: 6307021 | N8: 5884543 | O8: 5629561 | P8: 10220382 | Q8: 6719435 | R8: 4096469 | S8: 3315178 | T8: 0
A9: SuperBook | B9: 1994900 | C9: 1959656 | D9: 1550441 | E9: 1451808 | F9: 898181 | G9: 535348 | H9: 456382 | I9: 496566 | J9: 569320 | K9: 422705 | L9: 517354 | M9: 614823 | N9: 736837 | O9: 591374 | P9: 485813 | Q9: 480345 | R9: 642070 | S9: 451002 | T9: 236604 | U9: 0 | V9: 0 | W9: 0 | X9: 0 | Y9: 0 | Z9: 0
A10: Prime Sports | J10: 366001 | K10: 2316643 | L10: 5811983 | M10: 4457367 | N10: 9703293 | O10: 10040069 | P10: 6545143 | Q10: 3576638 | R10: 2753820 | S10: 1550041 | T10: 4873505 | U10: 7217695 | V10: 10893371 | W10: 11914313 | X10: 8077557 | Y10: 7268631 | Z10: 8131284 | AA10: 4286057 | AB10: 5239249 | AC10: 10575658 | AD10: 5585206 | AE10: 4881760 | AF10: 7444330 | AG10: 10728611 | AH10: 13431072
A11: Hard Rock | B11: 20789326 | C11: 12395436 | D11: 13031804 | E11: 8749499 | F11: 7907028 | G11: 6024832 | H11: 4526510 | I11: 5645734 | J11: 9855046 | K11: 8150343 | L11: 7999844 | M11: 7504935 | N11: 11009384 | O11: 11784462 | P11: 12481943 | Q11: 12179538 | R11: 9747461 | S11: 8215309 | T11: 6981589 | U11: 8533137 | V11: 16783365 | W11: 17808384 | X11: 23301320 | Y11: 20100006 | Z11: 22851562 | AA11: 14292985 | AB11: 16285434 | AC11: 16064407 | AD11: 20438965 | AE11: 13707944 | AF11: 14384389 | AG11: 16346254 | AH11: 23835334
A12: Betr | B12: 1094015 | C12: 725918 | D12: 898188 | E12: 751475 | F12: 770083 | G12: 469586 | H12: 313280 | I12: 457095 | J12: 560978 | K12: 430480 | L12: 515225 | M12: 622047 | N12: 433861 | O12: 391285 | P12: 599271 | Q12: 325940 | R12: 220674 | S12: 184104 | T12: 192622 | U12: 179546 | V12: 614496 | W12: 1040935 | X12: 1016973 | Y12: 1056987 | Z12: 2492321 | AA12: 606618 | AB12: 665185 | AC12: 777057 | AD12: 301540 | AE12: 272507 | AF12: 269184 | AG12: 194504 | AH12: 295847
A13: ESPN BET | B13: 45895007 | C13: 28094903 | D13: 37918746 | E13: 23463182 | F13: 19843782 | G13: 14470772 | H13: 9944765 | I13: 12495311 | J13: 20014311 | K13: 19838796 | L13: 70848937 | M13: 72862647 | N13: 59834984 | O13: 40867715 | P13: 44255473 | Q13: 35781820 | R13: 27775600 | S13: 19925330 | T13: 17202263 | U13: 19677219 | V13: 28671286 | W13: 28432651 | X13: 32267663 | Y13: 31074999 | Z13: 35044077 | AA13: 30508505 | AB13: 38122683 | AC13: 24002606 | AD13: 24989478 | AE13: 18094128 | AF13: 16482994 | AG13: 21963167 | AH13: 29096854
A14: Betr | B14: 2885070 | C14: 4609328 | D14: 4349603 | E14: 3732923 | F14: 3022620 | G14: 2245790 | H14: 2318523 | I14: 2493787 | J14: 3872030 | K14: 4740644 | L14: 5598335 | M14: 5148045 | N14: 5024956 | O14: 4385269 | P14: 5230476 | Q14: 4015727 | R14: 4806862 | S14: 3223465 | T14: 3950194 | U14: 3808106 | V14: 4570910 | W14: 4379804 | X14: 5642694 | Y14: 6523944 | Z14: 6673802 | AA14: 5489099 | AB14: 6428193 | AC14: 4967994 | AD14: 4936089 | AE14: 4282879 | AF14: 4594959 | AG14: 5344227 | AH14: 4905591
A15: PointsBet | B15: 7470293 | C15: 5248144 | D15: 5676198 | E15: 3230666 | F15: 3526209 | G15: 2169810 | H15: 2330042 | I15: 3516137 | J15: 4053180 | K15: 4256946 | L15: 4455964 | M15: 1515814 | N15: 0 | O15: 0
A16: DraftKings | B16: 343971125 | C16: 214018544 | D16: 228414549 | E16: 161288718 | F16: 137022634 | G16: 117493459 | H16: 116183262 | I16: 133849655 | J16: 261349240 | K16: 258703955 | L16: 275789729 | M16: 261316703 | N16: 254240443 | O16: 221999234 | P16: 260625761 | Q16: 216790450 | R16: 204157577 | S16: 181689767 | T16: 160237403 | U16: 178849052 | V16: 308700789 | W16: 297903095 | X16: 329862262 | Y16: 308503420 | Z16: 321919091 | AA16: 247900279 | AB16: 316739730 | AC16: 248573055 | AD16: 225226054 | AE16: 173955934 | AF16: 161376545 | AG16: 218114490 | AH16: 342683379
A17: BetJack | B17: 4150184 | C17: 3021375 | D17: 3444766 | E17: 3653559 | F17: 3453448 | G17: 2556675 | H17: 1716677 | I17: 2572098 | J17: 3798620 | K17: 4275983 | L17: 4110488 | M17: 5457948 | N17: 5535611 | O17: 4858238 | P17: 4507356 | Q17: 3742150 | R17: 3692072 | S17: 3319319 | T17: 3281868 | U17: 4867075 | V17: 5843373 | W17: 6473041 | X17: 7769337 | Y17: 6272914 | Z17: 6003068 | AA17: 4333300 | AB17: 5458038 | AC17: 5691034 | AD17: 6148792 | AE17: 4663088 | AF17: 3877706 | AG17: 4894290 | AH17: 5128016
A18: BetMGM | B18: 82312374 | C18: 46425535 | D18: 54054981 | E18: 38183103 | F18: 29787547 | G18: 25924121 | H18: 22987977 | I18: 26470615 | J18: 46147528 | K18: 45444892 | L18: 50052941 | M18: 46395644 | N18: 49689694 | O18: 42562917 | P18: 53859507 | Q18: 45178242 | R18: 41332425 | S18: 34425680 | T18: 29152816 | U18: 38214373 | V18: 52432178 | W18: 59488055 | X18: 72290339 | Y18: 75485606 | Z18: 71900808 | AA18: 59120996 | AB18: 74454355 | AC18: 53226981 | AD18: 47991652 | AE18: 40150341 | AF18: 37438048 | AG18: 43613246 | AH18: 60413412
A19: MVGBet | B19: 204452 | C19: 724453 | D19: 1056651 | E19: 719919 | F19: 866868 | G19: 488224 | H19: 389529 | I19: 539947 | J19: 1326322 | K19: 1061437 | L19: 1049411 | M19: 607638 | N19: 355019 | O19: 181325 | P19: 298237 | Q19: 416566 | R19: 328147 | S19: 202215 | T19: 371120 | U19: 472996 | V19: 431007 | W19: 294183 | X19: 508273 | Y19: 466250 | Z19: 415563 | AA19: 377459 | AB19: 675433 | AC19: 531113 | AD19: 731258 | AE19: 677986 | AF19: 526273 | AG19: 440431 | AH19: 595004
A20: Parx | C20: 102862 | D20: 776104 | E20: 1123947 | F20: 820984 | G20: 516518 | H20: 580684 | I20: 575806 | J20: 1160332 | K20: 1514990 | L20: 843384 | M20: 1047442 | N20: 765580 | O20: 738103 | P20: 558133 | Q20: 376880 | R20: 343886 | S20: 339570 | T20: 286659 | U20: 383991 | V20: 399099 | W20: 467436 | X20: 361625
A21: Caesars | B21: 31493596 | C21: 28446116 | D21: 36410692 | E21: 27459482 | F21: 23990046 | G21: 20426469 | H21: 17748835 | I21: 17928884 | P21: 35885852 | Q21: 27921235 | R21: 29469193 | S21: 27686212 | T21: 27400934 | U21: 21472115 | V21: 29198750 | W21: 28983139 | X21: 35236203 | Y21: 32253234 | Z21: 33714962 | AA21: 30768028 | AB21: 39721185 | AC21: 32492347 | AD21: 26856555 | AE21: 20462126 | AF21: 18076436 | AG21: 23459889 | AH21: 31594328

Sheet GGR
A1: Common Name | B1: 44927 | C1: 44958 | D1: 44986 | E1: 45017 | F1: 45047 | G1: 45078 | H1: 45108 | I1: 45139 | J1: 45170 | K1: 45200 | L1: 45231 | M1: 45261 | N1: 45292 | O1: 45323 | P1: 45352 | Q1: 45383 | R1: 45413 | S1: 45444 | T1: 45474 | U1: 45505 | V1: 45536 | W1: 45566 | X1: 45597 | Y1: 45627 | Z1: 45658 | AA1: 45689 | AB1: 45717 | AC1: 45748 | AD1: 45778 | AE1: 45809 | AF1: 45839 | AG1: 45870 | AH1: 45901
A2: Betway | B2: 94927 | C2: 110075 | D2: 122894 | E2: 81809 | F2: 74799 | G2: 36147 | H2: 69886 | I2: 55554 | J2: 109894 | K2: 69300 | L2: 77532 | M2: 149200 | N2: 151157 | O2: 55374 | P2: 56121 | Q2: 85151 | R2: 18062 | S2: 28893 | T2: 6990 | U2: -116 | V2: 0 | W2: 0 | X2: 0 | Y2: 0 | Z2: 0 | AA2: 0 | AB2: 0 | AC2: 0 | AD2: 0 | AE2: 0 | AF2: 0 | AG2: 0 | AH2: 0
A3: FanDuel | B3: 115330393 | C3: 39095152 | D3: 38003481 | E3: 29054207 | F3: 25193788 | G3: 14939855 | H3: 14495037 | I3: 16150764 | J3: 29134143 | K3: 31549642 | L3: 21602732 | M3: 38040959 | N3: 53983071 | O3: 29027744 | P3: 27864178 | Q3: 35290338 | R3: 31802898 | S3: 23085974 | T3: 21507658 | U3: 17948448 | V3: 39974632 | W3: 35200618 | X3: 47155905 | Y3: 24616848 | Z3: 39799581 | AA3: 37273836 | AB3: 27199242 | AC3: 30967810 | AD3: 36869509 | AE3: 30376231 | AF3: 21633200 | AG3: 25613500 | AH3: 33814274
A4: Betfred | B4: 470734 | C4: 253590 | D4: 375394 | E4: 84705 | F4: 175163 | G4: 84475 | H4: 60069 | I4: 90924 | J4: 238229 | K4: 172590 | L4: 69051 | M4: 30003 | N4: 32839 | O4: 12939 | P4: 51209 | Q4: 20575 | R4: 13680 | S4: 65496 | T4: 29561 | U4: -5282 | V4: 0 | W4: 0 | X4: 0 | Y4: 0 | Z4: 0 | AA4: 0 | AB4: 0 | AC4: 0 | AD4: 0 | AE4: 0 | AF4: 0 | AG4: 0 | AH4: 0
A5: Bally Bet | B5: 0 | C5: 0 | D5: 0 | E5: 0 | F5: 0 | G5: 0 | H5: 0 | I5: 2290 | J5: 65822 | K5: 68829 | L5: 287638 | M5: 381240 | N5: 554041 | O5: 117189 | P5: 89238 | Q5: 144839 | R5: 127374 | S5: 154001 | T5: 157129 | U5: 291807 | V5: 973743 | W5: 375838 | X5: 683315 | Y5: 305030 | Z5: 308398 | AA5: 162472 | AB5: 139981 | AC5: 156640 | AD5: 253067 | AE5: 146572 | AF5: 278555 | AG5: 146651 | AH5: 229282
A6: bet365 | B6: 9677952 | C6: 5663445 | D6: 14158696 | E6: 7108186 | F6: 6162478 | G6: 4146032 | H6: 4074548 | I6: 3692779 | J6: 7945651 | K6: 6169746 | L6: 5867814 | M6: 6912252 | N6: 8574008 | O6: 6592896 | P6: 7455020 | Q6: 7500356 | R6: 7039003 | S6: 6815126 | T6: 6661384 | U6: 5957222 | V6: 10350032 | W6: 9117514 | X6: 11916629 | Y6: 7590711 | Z6: 9883967 | AA6: 8920478 | AB6: 8169819 | AC6: 9171246 | AD6: 8896415 | AE6: 7806768 | AF6: 6286391 | AG6: 7572977 | AH6: 9608361
A7: Fanatics | B7: 0 | C7: 0 | D7: 0 | E7: 125779 | F7: 220262 | G7: 428379 | H7: 672663 | I7: 1427100 | J7: 4005608 | K7: 2615308 | L7: 1168087 | M7: 1611736 | N7: 1741073 | O7: 1335182 | P7: 1455514 | Q7: 1960216 | R7: 1497662 | S7: 1451082 | T7: 1779260 | U7: 1806518 | V7: 3704763 | W7: 3003562 | X7: 4902899 | Y7: 2455965 | Z7: 3598412 | AA7: 2699966 | AB7: 2573936 | AC7: 4752590 | AD7: 5137172 | AE7: 4323802 | AF7: 3296462 | AG7: 3991517 | AH7: 3230879
A8: Tipico | B8: 2591417 | C8: 1396587 | D8: 1693598 | E8: 827971 | F8: 485363 | G8: 483081 | H8: 565273 | I8: 448472 | J8: 733063 | K8: 529312 | L8: 546077 | M8: 526872 | N8: 809446 | O8: 601975 | P8: 556671 | Q8: 655197 | R8: 439416 | S8: 368683 | T8: -700 | U8: 0 | V8: 0 | W8: 0 | X8: 0 | Y8: 0 | Z8: 0 | AA8: 0 | AB8: 0 | AC8: 0 | AD8: 0 | AE8: 0 | AF8: 0 | AG8: 0 | AH8: 0
A9: SuperBook | B9: 219373 | C9: 223400 | D9: 104966 | E9: 55202 | F9: -7220 | G9: -14601 | H9: 49105 | I9: 55855 | J9: 37578 | K9: -3106 | L9: -26229 | M9: 1995 | N9: 7132 | O9: -5354 | P9: 50624 | Q9: 16929 | R9: 27543 | S9: -2491 | T9: 12573 | U9: -3769 | V9: -34201 | W9: -1100 | X9: -28428 | Y9: 0 | Z9: 0 | AA9: 0 | AB9: 0 | AC9: 0 | AD9: 0 | AE9: 0 | AF9: 0 | AG9: 0 | AH9: 0
A10: Prime Sports | B10: 0 | C10: 0 | D10: 0 | E10: 0 | F10: 0 | G10: 0 | H10: 0 | I10: 0 | J10: 10557 | K10: 67565 | L10: 13087 | M10: 241812 | N10: -17984 | O10: -565409 | P10: -93992 | Q10: 337638 | R10: -78146 | S10: 104662 | T10: -36711 | U10: 248240 | V10: -460591 | W10: 37021 | X10: 342764 | Y10: -317692 | Z10: -128576 | AA10: 378938 | AB10: 39026 | AC10: -52827 | AD10: 1105112 | AE10: -469639 | AF10: 80782 | AG10: 257624 | AH10: 162053
A11: Hard Rock | B11: 3913588 | C11: 1364695 | D11: 1424698 | E11: 1006278 | F11: 537162 | G11: 366722 | H11: 451728 | I11: 524346 | J11: 1124301 | K11: 641790 | L11: 446770 | M11: 452299 | N11: 1064019 | O11: 846905 | P11: 280473 | Q11: 1179728 | R11: 436194 | S11: 707432 | T11: 911452 | U11: 991466 | V11: 1880774 | W11: 1707697 | X11: 2867526 | Y11: 897528 | Z11: 960980 | AA11: 169026 | AB11: 1084437 | AC11: 1681465 | AD11: 745379 | AE11: 1936130 | AF11: 1653498 | AG11: 2003819 | AH11: 2530400
A12: Betr | B12: 140173 | C12: 76168 | D12: 71068 | E12: 55838 | F12: 82827 | G12: 37292 | H12: 40206 | I12: 44928 | J12: 89095 | K12: 777 | L12: 69904 | M12: 22989 | N12: 63288 | O12: 19828 | P12: 33687 | Q12: 29508 | R12: -22609 | S12: 42956 | T12: 26086 | U12: 31593 | V12: 95280 | W12: 46332 | X12: 80094 | Y12: -11020 | Z12: -14659 | AA12: -50063 | AB12: 18936 | AC12: 82266 | AD12: 18803 | AE12: 20414 | AF12: 29246 | AG12: 19472 | AH12: 50782
... A21: Caesars | B21: 4759026 | C21: 2100144 | D21: 3095440 | E21: 2420166 | F21: 2360225 | G21: 1534927 | H21: 1437811 | I21: 1991236 | J21: 0 | K21: 0 | L21: 0 | M21: 0 | N21: 0 | O21: 0 | P21: 1530770 | Q21: 1597589 | R21: 2022570 | S21: 933130 | T21: 2282886 | U21: 1638893 | V21: 2868559 | W21: 2496544 | X21: 1847013 | Y21: 1080725 | Z21: 1817979 | AA21: 1704632 | AB21: 2408134 | AC21: 2405074 | AD21: 2310826 | AE21: 2219392 | AF21: 2005569 | AG21: 2290168 | AH21: 2176875

Sheet Hold
A1: Common Name | B1: 44927 | C1: 44958 | D1: 44986 | E1: 45017 | F1: 45047 | G1: 45078 | H1: 45108 | I1: 45139 | J1: 45170 | K1: 45200 | L1: 45231 | M1: 45261 | N1: 45292 | O1: 45323 | P1: 45352 | Q1: 45383 | R1: 45413 | S1: 45444 | T1: 45474 | U1: 45505 | V1: 45536 | W1: 45566 | X1: 45597 | Y1: 45627 | Z1: 45658 | AA1: 45689 | AB1: 45717 | AC1: 45748 | AD1: 45778 | AE1: 45809 | AF1: 45839 | AG1: 45870 | AH1: 45901
A2: Betway | B2: =GGR!B2/Handle!B2 -> 0.1213368 | C2: =GGR!C2/Handle!C2 -> 0.11781094 | D2: =GGR!D2/Handle!D2 -> 0.12069518 | E2: =GGR!E2/Handle!E2 -> 0.084163473 | F2: =GGR!F2/Handle!F2 -> 0.10982314 | G2: =GGR!G2/Handle!G2 -> 0.064389311 | H2: =GGR!H2/Handle!H2 -> 0.13175671 | I2: =GGR!I2/Handle!I2 -> 0.1489072 | ... AH2: =GGR!AH2/Handle!AH2 -> #DIV/0!
A3: FanDuel | B3: =GGR!B3/Handle!B3 -> 0.23337767 | C3: =GGR!C3/Handle!C3 -> 0.16796706 | D3: =GGR!D3/Handle!D3 -> 0.14699171 | E3: =GGR!E3/Handle!E3 -> 0.15739685 | F3: =GGR!F3/Handle!F3 -> 0.15893823 | G3: =GGR!G3/Handle!G3 -> 0.1241608 | H3: =GGR!H3/Handle!H3 -> 0.135885 | I3: =GGR!I3/Handle!I3 -> 0.13942209 | ... AH3: =GGR!AH3/Handle!AH3 -> 0.11045769
A4: Betfred | B4: =GGR!B4/Handle!B4 -> 0.1159193 | C4: =GGR!C4/Handle!C4 -> 0.088360424 | D4: =GGR!D4/Handle!D4 -> 0.10264918 | E4: =GGR!E4/Handle!E4 -> 0.04722667 | F4: =GGR!F4/Handle!F4 -> 0.099768127 | G4: =GGR!G4/Handle!G4 -> 0.058771677 | H4: =GGR!H4/Handle!H4 -> 0.044058528 | I4: =GGR!I4/Handle!I4 -> 0.045856689 | ... AH4: =GGR!AH4/Handle!AH4 -> #DIV/0!
A5: Bally Bet | B5: =GGR!B5/Handle!B5 -> #DIV/0! | C5: =GGR!C5/Handle!C5 -> #DIV/0! | D5: =GGR!D5/Handle!D5 -> #DIV/0! | E5: =GGR!E5/Handle!E5 -> #DIV/0! | F5: =GGR!F5/Handle!F5 -> #DIV/0! | G5: =GGR!G5/Handle!G5 -> #DIV/0! | H5: =GGR!H5/Handle!H5 -> #DIV/0! | I5: =GGR!I5/Handle!I5 -> 0.26282566 | ... AH5: =GGR!AH5/Handle!AH5 -> 0.063003442
A6: bet365 | B6: =GGR!B6/Handle!B6 -> 0.25054715 | C6: =GGR!C6/Handle!C6 -> 0.18275732 | D6: =GGR!D6/Handle!D6 -> 0.25996777 | E6: =GGR!E6/Handle!E6 -> 0.19255626 | F6: =GGR!F6/Handle!F6 -> 0.19201062 | G6: =GGR!G6/Handle!G6 -> 0.15618721 | H6: =GGR!H6/Handle!H6 -> 0.17320266 | I6: =GGR!I6/Handle!I6 -> 0.13387414 | ... AH6: =GGR!AH6/Handle!AH6 -> 0.12667873
A7: Fanatics | B7: =GGR!B7/Handle!B7 -> #DIV/0! | C7: =GGR!C7/Handle!C7 -> #DIV/0! | D7: =GGR!D7/Handle!D7 -> #DIV/0! | E7: =GGR!E7/Handle!E7 -> 0.29135202 | F7: =GGR!F7/Handle!F7 -> 0.21195608 | G7: =GGR!G7/Handle!G7 -> 0.19118037 | H7: =GGR!H7/Handle!H7 -> 0.20452217 | I7: =GGR!I7/Handle!I7 -> 0.20817145 | ... AH7: =GGR!AH7/Handle!AH7 -> 0.061723212
A8: Tipico | B8: =GGR!B8/Handle!B8 -> 0.24228506 | C8: =GGR!C8/Handle!C8 -> 0.17294088 | D8: =GGR!D8/Handle!D8 -> 0.16716273 | E8: =GGR!E8/Handle!E8 -> 0.11555774 | F8: =GGR!F8/Handle!F8 -> 0.10277042 | G8: =GGR!G8/Handle!G8 -> 0.11908631 | H8: =GGR!H8/Handle!H8 -> 0.11982523 | I8: =GGR!I8/Handle!I8 -> 0.096688123 | ... AH8: =GGR!AH8/Handle!AH8 -> #DIV/0!
A9: SuperBook | B9: =GGR!B9/Handle!B9 -> 0.10996692 | C9: =GGR!C9/Handle!C9 -> 0.1139996 | D9: =GGR!D9/Handle!D9 -> 0.067700738 | E9: =GGR!E9/Handle!E9 -> 0.038022934 | F9: =GGR!F9/Handle!F9 -> -0.0080384689 | G9: =GGR!G9/Handle!G9 -> -0.027273848 | H9: =GGR!H9/Handle!H9 -> 0.10759627 | I9: =GGR!I9/Handle!I9 -> 0.11248253 | ... AH9: =GGR!AH9/Handle!AH9 -> #DIV/0!
A10: Prime Sports | B10: =GGR!B10/Handle!B10 -> #DIV/0! | C10: =GGR!C10/Handle!C10 -> #DIV/0! | D10: =GGR!D10/Handle!D10 -> #DIV/0! | E10: =GGR!E10/Handle!E10 -> #DIV/0! | F10: =GGR!F10/Handle!F10 -> #DIV/0! | G10: =GGR!G10/Handle!G10 -> #DIV/0! | H10: =GGR!H10/Handle!H10 -> #DIV/0! | I10: =GGR!I10/Handle!I10 -> #DIV/0! | ... AH10: =GGR!AH10/Handle!AH10 -> 0.01206553
A11: Hard Rock | B11: =GGR!B11/Handle!B11 -> 0.18824987 | C11: =GGR!C11/Handle!C11 -> 0.11009657 | D11: =GGR!D11/Handle!D11 -> 0.1093247 | E11: =GGR!E11/Handle!E11 -> 0.11500979 | F11: =GGR!F11/Handle!F11 -> 0.067934754 | G11: =GGR!G11/Handle!G11 -> 0.060868419 | H11: =GGR!H11/Handle!H11 -> 0.09979609 | I11: =GGR!I11/Handle!I11 -> 0.092874726 | ... AH11: =GGR!AH11/Handle!AH11 -> 0.10616172
A12: Betr | B12: =GGR!B12/Handle!B12 -> 0.12812713 | C12: =GGR!C12/Handle!C12 -> 0.10492645 | D12: =GGR!D12/Handle!D12 -> 0.079123747 | E12: =GGR!E12/Handle!E12 -> 0.074304534 | F12: =GGR!F12/Handle!F12 -> 0.10755594 | G12: =GGR!G12/Handle!G12 -> 0.079414633 | H12: =GGR!H12/Handle!H12 -> 0.12833887 | I12: =GGR!I12/Handle!I12 -> 0.09829029 | ... AH12: =GGR!AH12/Handle!AH12 -> 0.17164954
A13: ESPN BET | B13: =GGR!B13/Handle!B13 -> 0.11923628 | C13: =GGR!C13/Handle!C13 -> 0.060479974 | D13: =GGR!D13/Handle!D13 -> 0.083634965 | E13: =GGR!E13/Handle!E13 -> 0.094707572 | F13: =GGR!F13/Handle!F13 -> 0.062509707 | G13: =GGR!G13/Handle!G13 -> 0.059825765 | H13: =GGR!H13/Handle!H13 -> 0.071147986 | I13: =GGR!I13/Handle!I13 -> 0.083515969 | ... AH13: =GGR!AH13/Handle!AH13 -> 0.10054121
... A21: Caesars | B21: =GGR!B21/Handle!B21 -> 0.15111091 | C21: =GGR!C21/Handle!C21 -> 0.073828849 | D21: =GGR!D21/Handle!D21 -> 0.085014589 | E21: =GGR!E21/Handle!E21 -> 0.088135894 | F21: =GGR!F21/Handle!F21 -> 0.098383513 | G21: =GGR!G21/Handle!G21 -> 0.07514402 | H21: =GGR!H21/Handle!H21 -> 0.081008754 | I21: =GGR!I21/Handle!I21 -> 0.11106302 | ... AH21: =GGR!AH21/Handle!AH21 -> 0.068900817
