Workbook

Sheet Summary
B2: Kalshi search interest share by state — legal vs non-legal OSB
B3: Google Trends, 12-month average ending 22 April 2026
B5: Source: | C5: https://trends.google.com/trends/explore?date=today%2012-m&geo=US&q=Kalshi,DraftKings,FanDuel&hl=en-US
B6: Data pulled: | C6: 22 April 2026
B7: Regions: | C7: 50 states + District of Columbia
B9: How to read the numbers
B10: Google Trends normalises search interest so that each state's row sums to 100%. The value for Kalshi in a given state represents Kalshi's share of search interest among the three compared terms (Kalshi, DraftKings, FanDuel) within that state. These are RELATIVE shares, not absolute search volumes — they are directly comparable across states because the normalisation cancels out state population differences.
B15: Headline findings
B17: Metric | C17: Legal OSB states | D17: Non-legal OSB states | E17: Gap | F17: Ratio
B18: Average Kalshi share | C18: =AVERAGEIF('State-level data'!$G$5:$G$55,"LEGAL",'State-level data'!$C$5:$C$55) -> 19.032258 | D18: =AVERAGEIF('State-level data'!$G$5:$G$55,"NON-LEGAL",'State-level data'!$C$5:$C$55) -> 36.05 | E18: =D18-C18 -> 17.017742 | F18: =D18/C18 -> 1.8941525
B19: Average DraftKings share | C19: =AVERAGEIF('State-level data'!$G$5:$G$55,"LEGAL",'State-level data'!$D$5:$D$55) -> 39.645161 | D19: =AVERAGEIF('State-level data'!$G$5:$G$55,"NON-LEGAL",'State-level data'!$D$5:$D$55) -> 30.45 | E19: =D19-C19 -> -9.1951613 | F19: =D19/C19 -> 0.76806347
B20: Average FanDuel share | C20: =AVERAGEIF('State-level data'!$G$5:$G$55,"LEGAL",'State-level data'!$E$5:$E$55) -> 41.322581 | D20: =AVERAGEIF('State-level data'!$G$5:$G$55,"NON-LEGAL",'State-level data'!$E$5:$E$55) -> 33.5 | E20: =D20-C20 -> -7.8225806 | F20: =D20/C20 -> 0.81069477
B21: Average DK + FD combined share | C21: =AVERAGEIF('State-level data'!$G$5:$G$55,"LEGAL",'State-level data'!$F$5:$F$55) -> 80.967742 | D21: =AVERAGEIF('State-level data'!$G$5:$G$55,"NON-LEGAL",'State-level data'!$F$5:$F$55) -> 63.95 | E21: =D21-C21 -> -17.017742 | F21: =D21/C21 -> 0.78982072
B22: Number of states in sample | C22: =COUNTIF('State-level data'!$G$5:$G$55,"LEGAL") -> 31 | D22: =COUNTIF('State-level data'!$G$5:$G$55,"NON-LEGAL") -> 20
B25: Key takeaway
B26: Kalshi's average share of search interest in non-legal OSB states is approximately 1.9 times higher than in legal OSB states (36.0% vs 19.0%). The 17-point gap is statistically significant at p < 0.001 (Mann-Whitney U test). The seven states with the highest Kalshi search share are all non-legal OSB states; the five with the lowest Kalshi share are all legal OSB states. This pattern directly supports the thesis that prediction markets capture disproportionate mindshare in states without regulated online sports betting.
B32: Workbook contents
B34: # | C34: Sheet | D34: Contents
B35: Sheet 1 | C35: Summary | D35: Headline findings and how to read the data
B36: Sheet 2 | C36: State-level data | D36: All 51 regions with Kalshi / DK / FD shares and OSB status
B37: Sheet 3 | C37: Analysis | D37: Distribution stats, top/bottom rankings, statistical test
B38: Sheet 4 | C38: Methodology | D38: Data source, definitions, caveats, what the data can and cannot show
B41: Colour key:
B42: Blue text | C42: Hardcoded input from Google Trends
B43: Black text | C43: Calculated formula
B44: Blue underlined | C44: Clickable hyperlink

Sheet State-level data
B2: Google Trends state-level data
B3: Each row sums to 100% — representing share of search interest among Kalshi, DraftKings, FanDuel in that state
B4: State / Region | C4: Kalshi % | D4: DraftKings % | E4: FanDuel % | F4: DK + FD % | G4: OSB status | H4: Row total (check)
B5: Hawaii | C5: 63 | D5: 21 | E5: 16 | F5: =D5+E5 -> 37 | G5: NON-LEGAL | H5: =C5+D5+E5 -> 100
B6: Idaho | C6: 61 | D6: 21 | E6: 18 | F6: =D6+E6 -> 39 | G6: NON-LEGAL | H6: =C6+D6+E6 -> 100
B7: Washington | C7: 56 | D7: 27 | E7: 17 | F7: =D7+E7 -> 44 | G7: NON-LEGAL | H7: =C7+D7+E7 -> 100
B8: Montana | C8: 54 | D8: 26 | E8: 20 | F8: =D8+E8 -> 46 | G8: NON-LEGAL | H8: =C8+D8+E8 -> 100
B9: Utah | C9: 50 | D9: 27 | E9: 23 | F9: =D9+E9 -> 50 | G9: NON-LEGAL | H9: =C9+D9+E9 -> 100
B10: California | C10: 44 | D10: 30 | E10: 26 | F10: =D10+E10 -> 56 | G10: NON-LEGAL | H10: =C10+D10+E10 -> 100
B11: Alaska | C11: 43 | D11: 34 | E11: 23 | F11: =D11+E11 -> 57 | G11: NON-LEGAL | H11: =C11+D11+E11 -> 100
B12: District of Columbia | C12: 37 | D12: 26 | E12: 37 | F12: =D12+E12 -> 63 | G12: LEGAL | H12: =C12+D12+E12 -> 100
B13: Texas | C13: 36 | D13: 35 | E13: 29 | F13: =D13+E13 -> 64 | G13: NON-LEGAL | H13: =C13+D13+E13 -> 100
B14: New Mexico | C14: 35 | D14: 36 | E14: 29 | F14: =D14+E14 -> 65 | G14: NON-LEGAL | H14: =C14+D14+E14 -> 100
B15: Nevada | C15: 33 | D15: 41 | E15: 26 | F15: =D15+E15 -> 67 | G15: LEGAL | H15: =C15+D15+E15 -> 100
B16: Florida | C16: 33 | D16: 32 | E16: 35 | F16: =D16+E16 -> 67 | G16: NON-LEGAL | H16: =C16+D16+E16 -> 100
... B55: West Virginia | C55: 7 | D55: 41 | E55: 52 | F55: =D55+E55 -> 93 | G55: LEGAL | H55: =C55+D55+E55 -> 100
B57: Rows are sorted by Kalshi share, descending.

Sheet Analysis
B2: State-level analysis
B3: All formulas reference the State-level data sheet
B5: Mean shares by state category
B7: Metric | C7: Legal OSB | D7: Non-legal OSB | E7: Gap | F7: Ratio
B8: Average Kalshi share | C8: =AVERAGEIF('State-level data'!$G$5:$G$55,"LEGAL",'State-level data'!$C$5:$C$55) -> 19.032258 | D8: =AVERAGEIF('State-level data'!$G$5:$G$55,"NON-LEGAL",'State-level data'!$C$5:$C$55) -> 36.05 | E8: =D8-C8 -> 17.017742 | F8: =D8/C8 -> 1.8941525
B9: Average DraftKings share | C9: =AVERAGEIF('State-level data'!$G$5:$G$55,"LEGAL",'State-level data'!$D$5:$D$55) -> 39.645161 | D9: =AVERAGEIF('State-level data'!$G$5:$G$55,"NON-LEGAL",'State-level data'!$D$5:$D$55) -> 30.45 | E9: =D9-C9 -> -9.1951613 | F9: =D9/C9 -> 0.76806347
B10: Average FanDuel share | C10: =AVERAGEIF('State-level data'!$G$5:$G$55,"LEGAL",'State-level data'!$E$5:$E$55) -> 41.322581 | D10: =AVERAGEIF('State-level data'!$G$5:$G$55,"NON-LEGAL",'State-level data'!$E$5:$E$55) -> 33.5 | E10: =D10-C10 -> -7.8225806 | F10: =D10/C10 -> 0.81069477
B11: Average DK + FD combined | C11: =AVERAGEIF('State-level data'!$G$5:$G$55,"LEGAL",'State-level data'!$F$5:$F$55) -> 80.967742 | D11: =AVERAGEIF('State-level data'!$G$5:$G$55,"NON-LEGAL",'State-level data'!$F$5:$F$55) -> 63.95 | E11: =D11-C11 -> -17.017742 | F11: =D11/C11 -> 0.78982072
B12: Number of states | C12: =COUNTIF('State-level data'!$G$5:$G$55,"LEGAL") -> 31 | D12: =COUNTIF('State-level data'!$G$5:$G$55,"NON-LEGAL") -> 20
B15: Distribution of Kalshi share
B17: Statistic | C17: Legal OSB | D17: Non-legal OSB
B18: Minimum | C18: {=MIN(IF('State-level data'!$G$5:$G$55="LEGAL",'State-level data'!$C$5:$C$55))} -> 7 | D18: {=MIN(IF('State-level data'!$G$5:$G$55="NON-LEGAL",'State-level data'!$C$5:$C$55))} -> 18
B19: 25th percentile (Q1) | C19: {=PERCENTILE(IF('State-level data'!$G$5:$G$55="LEGAL",'State-level data'!$C$5:$C$55),0.25)} -> 14.5 | D19: {=PERCENTILE(IF('State-level data'!$G$5:$G$55="NON-LEGAL",'State-level data'!$C$5:$C$55),0.25)} -> 26.5
B20: Median | C20: {=PERCENTILE(IF('State-level data'!$G$5:$G$55="LEGAL",'State-level data'!$C$5:$C$55),0.5)} -> 18 | D20: {=PERCENTILE(IF('State-level data'!$G$5:$G$55="NON-LEGAL",'State-level data'!$C$5:$C$55),0.5)} -> 31.5
B21: 75th percentile (Q3) | C21: {=PERCENTILE(IF('State-level data'!$G$5:$G$55="LEGAL",'State-level data'!$C$5:$C$55),0.75)} -> 22.5 | D21: {=PERCENTILE(IF('State-level data'!$G$5:$G$55="NON-LEGAL",'State-level data'!$C$5:$C$55),0.75)} -> 45.5
B22: Maximum | C22: {=MAX(IF('State-level data'!$G$5:$G$55="LEGAL",'State-level data'!$C$5:$C$55))} -> 37 | D22: {=MAX(IF('State-level data'!$G$5:$G$55="NON-LEGAL",'State-level data'!$C$5:$C$55))} -> 63
B26: Top 7 states — highest Kalshi search share
B28: Rank | C28: State | D28: Kalshi % | E28: OSB status
B29: 1 | C29: ='State-level data'!B5 -> Hawaii | D29: ='State-level data'!C5 -> 63 | E29: ='State-level data'!G5 -> NON-LEGAL
B30: 2 | C30: ='State-level data'!B6 -> Idaho | D30: ='State-level data'!C6 -> 61 | E30: ='State-level data'!G6 -> NON-LEGAL
B31: 3 | C31: ='State-level data'!B7 -> Washington | D31: ='State-level data'!C7 -> 56 | E31: ='State-level data'!G7 -> NON-LEGAL
B32: 4 | C32: ='State-level data'!B8 -> Montana | D32: ='State-level data'!C8 -> 54 | E32: ='State-level data'!G8 -> NON-LEGAL
B33: 5 | C33: ='State-level data'!B9 -> Utah | D33: ='State-level data'!C9 -> 50 | E33: ='State-level data'!G9 -> NON-LEGAL
B34: 6 | C34: ='State-level data'!B10 -> California | D34: ='State-level data'!C10 -> 44 | E34: ='State-level data'!G10 -> NON-LEGAL
B35: 7 | C35: ='State-level data'!B11 -> Alaska | D35: ='State-level data'!C11 -> 43 | E35: ='State-level data'!G11 -> NON-LEGAL
B37: All 7 of the highest-Kalshi-share states are non-legal OSB.
B40: Bottom 5 states — lowest Kalshi search share
B42: Rank | C42: State | D42: Kalshi % | E42: OSB status
B43: 47 | C43: ='State-level data'!B51 -> Kentucky | D43: ='State-level data'!C51 -> 12 | E43: ='State-level data'!G51 -> LEGAL
B44: 48 | C44: ='State-level data'!B52 -> Louisiana | D44: ='State-level data'!C52 -> 11 | E44: ='State-level data'!G52 -> LEGAL
B45: 49 | C45: ='State-level data'!B53 -> Michigan | D45: ='State-level data'!C53 -> 9 | E45: ='State-level data'!G53 -> LEGAL
B46: 50 | C46: ='State-level data'!B54 -> Missouri | D46: ='State-level data'!C54 -> 8 | E46: ='State-level data'!G54 -> LEGAL
B47: 51 | C47: ='State-level data'!B55 -> West Virginia | D47: ='State-level data'!C55 -> 7 | E47: ='State-level data'!G55 -> LEGAL
B49: All 5 of the lowest-Kalshi-share states are legal OSB.
B52: Statistical test
B54: Test: | C54: Mann-Whitney U (one-sided, non-parametric)
B55: Hypothesis: | C55: Kalshi share is higher in non-legal OSB states than in legal OSB states
B56: U statistic: | C56: 545.5
B57: p-value: | C57: < 0.001
B58: Interpretation: | C58: Result is extremely statistically significant. The higher Kalshi share in non-legal states is not explainable by chance.

Sheet Methodology
B2: Methodology and caveats
B4: Data source
B5: Google Trends geographic breakdown (geoMap export) for the search terms 'Kalshi', 'DraftKings', and 'FanDuel'. Data retrieved 22 April 2026, covering the 12-month period ending 22 April 2026. Source URL: https://trends.google.com/trends/explore?date=today%2012-m&geo=US&q=Kalshi,DraftKings,FanDuel&hl=en-US
B7: What the numbers represent
B8: Google Trends normalises search interest so that each state's row sums to 100%. A state's Kalshi value is Kalshi's share of search interest relative to the other two compared terms in that state. This is a SHARE metric, not an absolute search volume. Cross-state comparisons of shares are valid because the normalisation cancels out state population differences.
B10: OSB legal status classification
B11: A state is classified LEGAL if it has statewide mobile online sports betting available to retail consumers (as of April 2026). States with only tribal, retail, or on-premise-limited sports betting are classified NON-LEGAL because they offer no practical regulated mobile alternative to Kalshi. Classification follows CBS Sports (April 2026), Legal Sports Report (January 2026), and Bookmakers Review (January 2026). Borderline cases classified as NON-LEGAL: Florida (Seminole-only tribal app with limited access), Washington (tribal-only), Wisconsin (law signed April 2026 but not yet live), Mississippi (retail-only), Montana (retail/kiosk-only), Nebraska (retail-only), New Mexico (tribal-only), North Dakota (tribal-only), South Dakota (retail-only).
B13: Statistical test
B14: Mann-Whitney U test comparing Kalshi shares in non-legal vs legal OSB states. One-sided alternative hypothesis: Kalshi share is higher in non-legal states. Non-parametric test chosen because the distributions are not normal and sample sizes differ between groups. Result: U = 545.5, p < 0.001.
B16: What the data can show
B17: • Consumer search mindshare — how interested people are in learning about these products • Relative interest across the three competing platforms within each state • Geographic concentration patterns that can be statistically tested • A reproducible, free, publicly-verifiable dataset
B19: What the data cannot show
... B26: • 'Kalshi' and 'FanDuel' are unambiguous terms, but 'DraftKings' searches may include DFS (fantasy) traffic that doesn't compete directly with Kalshi's sports event contracts. This likely overstates DraftKings' relative share slightly in some states with legal DFS but no OSB. • Google Trends samples search data — results have a small amount of random variation on re-pulls. Directional signals are robust; individual state values should be treated as approximate. • 12-month average smooths over seasonal spikes (Super Bowl, March Madness). For a live-snapshot view use the 3-month or 90-day filter instead.
