Workbook

Sheet Summary
A1: TKO 2030 Sponsorship Uplift Analysis
A2: UFC + WWE only. Sponsorship uplift to 2030 vs. 2025 actuals, framed as conversion of media rights uplift from new deal cycle (Paramount UFC, Netflix Raw, ESPN PLEs).
A4: Scenario | B4: Media Rights Uplift ($mm) | C4: Sponsorship Uplift ($mm) | D4: Implied Conversion Rate | E4: Upside vs Mgmt ($mm) | F4: Upside vs Mgmt (%) | G4: Source / Logic
A5: Management Guidance | B5: ='Uplift Build'!E16 -> 1150 | C5: ='Uplift Build'!E22 -> 750 | D5: =C5/B5 -> 0.65217391 | E5: =C5-$C$5 -> 0 | F5: =IFERROR(E5/$C$5,0) -> 0 | G5: Mgmt $1.2B 2030 target less 2025 actual ~$450M = $750M sponsorship uplift
A6: Buyside Consensus | B6: ='Uplift Build'!E16 -> 1150 | C6: ='Uplift Build'!E23 -> 1000 | D6: =C6/B6 -> 0.86956522 | E6: =C6-$C$5 -> 250 | F6: =IFERROR(E6/$C$5,0) -> 0.33333333 | G6: Consensus $1.45B 2030 less $450M 2025 actual = $1,000M sponsorship uplift
A7: 100% Conversion (Theoretical Ceiling) | B7: ='Uplift Build'!E16 -> 1150 | C7: =B7*D7 -> 1150 | D7: 1 | E7: =C7-$C$5 -> 400 | F7: =IFERROR(E7/$C$5,0) -> 0.53333333 | G7: 1:1 conversion of media rights uplift to sponsorship uplift
A9: Memo: Implied 2030 Total Sponsorship ($mm) | C9: =C5+'Uplift Build'!E20 -> 1200
A10: Memo: Implied 2030 Total Sponsorship - Consensus ($mm) | C10: =C6+'Uplift Build'!E20 -> 1450
A11: Memo: Implied 2030 Total Sponsorship - 100% Ceiling ($mm) | C11: =C7+'Uplift Build'!E20 -> 1600
A13: Key Takeaways
A14: 1. Uplift framing: applies conversion rates to the incremental media rights $ unlocked by the new deal cycle, not the total media rights base. Sponsorship uplift measured as 2030 target less 2025 actuals.
A15: 2. Mgmt-implied conversion of ~65% on uplift implies meaningful sponsorship growth that does not yet capture full inventory expansion from new deals.
A16: 3. Buyside consensus implies ~87% conversion of media uplift to sponsorship uplift, materially closer to the theoretical ceiling.
A17: 4. The 100% ceiling represents 1:1 conversion of media uplift to sponsorship uplift, consistent with mature ecosystems where commercial inventory expansion drives sponsorship growth in line with rights value.

Sheet Uplift Build
A1: Media Rights and Sponsorship Uplift Build
A2: All values $mm. Uplift = New deal AAV (or 2030 estimate) less prior cycle AAV.
A4: MEDIA RIGHTS UPLIFT
A5: Property | B5: Old Deal (Prior Cycle) | C5: New Deal | D5: Old AAV ($mm) | E5: New AAV / 2030 ($mm) | F5: Uplift ($mm) | G5: Sources
A6: UFC US | B6: ESPN (extended, expired YE2025) | C6: Paramount / CBS (2026 to 2032) | D6: 450 | E6: 1200 | F6: =E6-D6 -> 750 | G6: Old: Variety May 2025 (extended UFC-ESPN ~$450M/yr). New: TKO/Paramount press release Aug 11 2025 ($7.7B/7yr AAV $1.1B back-end loaded; 2030 ~$1.2B as Year 5 of back-loaded deal)
A7: WWE Raw | B7: USA Network (expired 2024) | C7: Netflix global (2025 to 2034) | D7: 265 | E7: 520 | F7: =E7-D7 -> 255 | G7: Old: Variety Jan 2024 (Raw on USA ~$265M/yr). New: TKO ARS FY2025 ($5.2B/10yr global Netflix deal = $520M/yr AAV)
A8: WWE PLEs | B8: Peacock (expires Mar 2026) | C8: ESPN (2026 to 2030) | D8: 180 | E8: 325 | F8: =E8-D8 -> 145 | G8: Old: CNBC Aug 2025 (Peacock paid ~$180M/yr per sources familiar). New: TKO ARS FY2025 ($1.625B/5yr ESPN deal = $325M/yr AAV)
A16: TOTAL MEDIA RIGHTS UPLIFT | D16: =SUM(D6:D8) -> 895 | E16: =SUM(F6:F8) -> 1150 | F16: =SUM(F6:F8) -> 1150
A18: SPONSORSHIP UPLIFT
A19: Scenario | D19: 2025 Actual ($mm) | E19: 2030 Target ($mm) | F19: Uplift ($mm)
A20: 2025 Sponsorship Baseline (UFC + WWE) | D20: 450 | E20: 450 | F20: 0 | G20: TKO ARS FY2025: well over $450M generated in 2025 across UFC and WWE partnerships. Used as 2025 baseline.
A21: Management Guidance | D21: =D20 -> 450 | E21: 1200 | F21: =E21-D21 -> 750 | G21: TKO ARS FY2025: 2030 target raised to $1.2B (used as UFC+WWE proxy)
A22: Mgmt Sponsorship Uplift (2025 to 2030) | E22: =E21-D21 -> 750
A23: Buyside Consensus Sponsorship Uplift (2025 to 2030) | E23: =1450-D20 -> 1000 | G23: Consensus 2030 = $1.45B (per user input); uplift = $1,450M - $450M = $1,000M
A26: Methodology
A27: Conversion rate = Sponsorship uplift / Media rights uplift. Media uplift captures step-up in three deals only (UFC US, Raw, PLEs). Sponsorship uplift measured 2025 to 2030.
A28: UFC US 2030 estimate ($1,200M) reflects back-end loading per disclosed Paramount deal terms; AAV is $1.1B but 2030 (Year 5 of 7) sits above AAV.
A29: Excluded from media rights uplift: WWE SmackDown (USA / Versant), WWE NXT (CW), UFC International. These either renew on similar terms or are not driving the new-cycle commercial inventory expansion narrative.

Sheet Sources
A1: Source Documentation
A3: Item | B3: Source | C3: Date | D3: URL / Reference
A4: $1.2B 2030 brand partnerships target (raised from $1.0B); $450M+ 2025 partnerships baseline | B4: TKO Group Holdings Annual Report FY2025 (Form ARS) | C4: Filed 2026 | D4: https://www.sec.gov/Archives/edgar/data/0001973266/000119312526173856/d908037dars.pdf
A5: UFC US Paramount deal: 7yr $7.7B, AAV $1.1B, back-end loaded | B5: TKO press release / Paramount and TKO joint announcement | C5: Aug 11, 2025 | D5: https://tkogrp.com/news/paramount-and-tko-announce-historic-ufc-media-rights-deal
A6: UFC ESPN extended deal ~$450M/yr (extended 2023, expired YE2025) | B6: Variety reporting | C6: May 21, 2025 | D6: https://variety.com/vip/ufc-sports-broadcast-rights-are-ending-at-the-perfect-time-1236403536/
A7: UFC ESPN original deal: 5yr $1.5B (~$300M/yr, 2019 to 2023) | B7: Sports Media Watch | C7: Mar 18, 2019 | D7: https://www.sportsmediawatch.com/2019/03/ufc-espn-deal-extension-ppv/
A8: WWE Raw Netflix deal: 10yr $5.2B global (~$520M/yr) | B8: TKO Annual Report FY2025 | C8: Filed 2026 | D8: https://www.sec.gov/Archives/edgar/data/0001973266/000119312526173856/d908037dars.pdf
A9: WWE Raw on USA prior deal: ~$265M/yr | B9: Variety reporting | C9: Jan 24, 2024 | D9: https://variety.com/2024/tv/news/netflix-wwe-monday-night-raw-deal-january-2025-1235882820/
A10: WWE PLEs ESPN deal: 5yr $1.625B (~$325M/yr) | B10: TKO Annual Report FY2025; CNBC reporting | C10: Aug 6, 2025 | D10: https://www.cnbc.com/2025/08/06/espn-wwe-five-year-deal-live-events.html
A11: WWE PLEs Peacock prior deal: ~$180M/yr (sources familiar) | B11: CNBC reporting | C11: Aug 6, 2025 | D11: https://www.cnbc.com/2025/08/06/espn-wwe-five-year-deal-live-events.html
A12: UFC FY2024 segment results (sponsorship trajectory) | B12: TKO Group Holdings 10-K FY2024 | C12: Feb 2025 | D12: https://www.sec.gov/Archives/edgar/data/1973266/000095017025027778/tko-20241231.htm
A13: Buyside consensus 2030 sponsorship ~$1.45B | B13: User input | C13: May 2026 | D13: Per discussion
