Workbook

Sheet Summary
B2: 2026 World Cup: Prediction Market Consumer Volume
B3: Uplift to consumer (retail) trading volume. Observed through 29 Jun 2026.
B5: KEY RESULTS | K5: chart data
B6: Metric | C6: Value | D6: Basis | K6: Consumer to date | L6: ='Consumer Volume'!C8 -> 4.70425
B7: Observed: total-volume uplift, WC weeks | C7: ='Consumer Volume'!C6 -> 23.52125 | D7: Hard data (tracked PM venues). 80 percent of it is Kalshi. | K7: Consumer full (central) | L7: ='Consumer Volume'!C15 -> 7.3699917
B8: Observed: consumer-volume uplift to date | C8: ='Consumer Volume'!C8 -> 4.70425 | D8: Total-volume uplift times consumer share (central). | K8: Note low | L8: =Inputs!C14 -> 5
B9: Estimated: consumer uplift, full tournament | C9: ='Consumer Volume'!C15 -> 7.3699917 | D9: Projection to settlement after 19 Jul. Central case. | K9: Note high | L9: =Inputs!C15 -> 10
B10: Sell-side claim (consumer-volume uplift) | C10: ="$"&Inputs!C14&" to $"&Inputs!C15&"B" -> $5 to $10B | D10: The figure this model tests.
B12: VERDICT
B13: The sell-side '5 to 10B consumer-volume uplift' is well supported and, on current data, sits mid band. The observed total-volume surge is large and hard; the load-bearing input is the consumer share of that volume, and because 80 percent of the uplift is Kalshi (the most market-maker heavy, notional double-counted venue), the marginal consumer share is low, which is what keeps the figure in range rather than far above it.
B15: See the Method tab for the full approach, definitions, limitations and sources.

Sheet Method
B2: Method, Definitions and Limitations
B3: How the consumer-volume uplift is measured and why it is defensible.
B5: APPROACH
B6: Step 1, total volume. The tracked prediction-market universe traded a flat run-rate of about 7.2B per week before the tournament. The counterfactual is that flat pre-tournament run-rate held across the World Cup weeks. Uplift equals actual weekly total volume minus that baseline.
B7: Why a flat baseline and not a prior-year comparator: unlike sportsbook handle, prediction markets are a young, fast-scaling category with no comparable prior World Cup and no clean seasonal history. The pre-tournament weeks were roughly flat (about 7.2B), so a flat run-rate is the honest baseline. A baseline drift input is available if you prefer a trend.
B8: Step 2, consumer share. Headline volume is TOTAL notional (it includes the market-maker leg on the other side of every trade, and on Kalshi both sides are counted). Consumer volume is only a fraction of that. We convert the total-volume uplift to a consumer-volume uplift using a consumer share of total, the single most important input.
B9: Step 3, projection and cross check. The observed uplift is extended across the remaining tournament weeks at a damped pace (the USMNT exit on 6 Jul removes the biggest US audience), then compared with the sell-side 5 to 10B claim.
B11: DEFINITIONS
B12: Total volume: total notional traded, grossed up for the market-maker leg (Kalshi counts both sides). Consumer volume: the retail leg only, a fraction of total. Consumer share: consumer divided by total. Uplift: actual minus the flat pre-tournament baseline.
B14: WHY THE CONSUMER SHARE IS LOW
B15: DraftKings disclosed its own book at about 42 percent consumer in May, falling toward 30 percent during the World Cup week as its market-making scaled. Kalshi (about 65 percent of the market) and Polymarket are more market-maker and bot driven, and Kalshi notional double-counts both sides, so the industry blended consumer share is well below DraftKings. Critically, 80 percent of the World Cup uplift is Kalshi, so the marginal consumer share of the incremental volume is lower still. A blended 15 to 25 percent is defensible; the model centres on 20 percent.
B17: KEY LIMITATIONS
... B25: Estimates for analytical purposes, not investment advice.

Sheet Inputs
B2: Inputs
B3: Blue = you can change it. Yellow = key judgement. Black = derived.
B4: MODEL INPUTS
B5: Baseline weekly run-rate (pre WC) | C5: =AVERAGE('PM Data'!G7:G14) -> 7.15625 | D5: $B | E5: Derived: average tracked total volume, weeks ending 13 Apr to 1 Jun (flat pre-tournament).
B6: Consumer share of total volume | C6: 0.2 | D6: x | E6: Judgement and key driver. DK about 42 percent (retail-heavy small book); Kalshi and Polymarket far more MM-driven and double-counted. Blended 15 to 25 percent; central 20.
B7: Full tournament length (weeks) | C7: =(DATE(2026,7,19)-DATE(2026,6,11))/7 -> 5.4285714 | D7: wks | E7: Derived: (final minus kickoff) / 7. Same basis as the OSB model.
B8: Observed WC weeks (data) | C8: 3 | D8: wks | E8: Complete post-kickoff weeks ending 15, 22, 29 Jun.
B9: Remaining-week pace vs to date | C9: 0.7 | D9: x | E9: Judgement. USMNT eliminated 6 Jul; knockout and final interest partly offsets loss of US matches.
B10: World Cup kickoff | C10: 2026-06-11 | D10: date | E10: Source: FIFA.
B11: World Cup final | C11: 2026-07-19 | D11: date | E11: Source: FIFA.
B13: SELL-SIDE CLAIM BEING TESTED ($B)
B14: Consumer-volume uplift, low | C14: 5 | D14: $B | E14: Sell-side World Cup preview note, Jun 2026.
B15: Consumer-volume uplift, high | C15: 10 | D15: $B | E15: Sell-side World Cup preview note, Jun 2026.
B16: Midpoint | C16: =AVERAGE(C14:C15) -> 7.5 | D16: $B | E16: Reference for the cross check.

Sheet PM Data
B2: Prediction Market Weekly Notional Volume: Raw Data
B3: Tracked venues, total notional ($B). Feeds the baseline and the uplift engine.
B4: WEEKLY NOTIONAL VOLUME ($B)
B5: Week ending | C5: Kalshi | D5: Polymarket | E5: Poly US | F5: Other | G5: TOTAL | H5: Note
B6: 2026-04-06 | C6: 3.54 | D6: 2.48 | E6: 0.48 | F6: 0.71 | G6: 7.21
B7: 2026-04-13 | C7: 3.06 | D7: 2.04 | E7: 0.2 | F7: 1.73 | G7: 7.03 | H7: baseline window start
B8: 2026-04-20 | C8: 3.91 | D8: 1.96 | E8: 0.25 | F8: 1.26 | G8: 7.38
B9: 2026-04-27 | C9: 3.81 | D9: 1.71 | E9: 0.3 | F9: 1.21 | G9: 7.03
B10: 2026-05-04 | C10: 4.13 | D10: 1.6 | E10: 0.33 | F10: 1.24 | G10: 7.31
B11: 2026-05-11 | C11: 3.86 | D11: 1.58 | E11: 0.42 | F11: 0.99 | G11: 6.85
B12: 2026-05-18 | C12: 4.03 | D12: 1.64 | E12: 0.45 | F12: 0.88 | G12: 7
B13: 2026-05-25 | C13: 4.2 | D13: 1.67 | E13: 0.44 | F13: 0.84 | G13: 7.15
B14: 2026-06-01 | C14: 4.46 | D14: 1.91 | E14: 0.5 | F14: 0.63 | G14: 7.5 | H14: baseline window end (pre kickoff)
B15: 2026-06-08 | C15: 6.38 | D15: 2.33 | E15: 0.69 | F15: 0.59 | G15: 9.99 | H15: pre-kickoff futures build (excluded)
B16: 2026-06-15 | C16: 8.99 | D16: 2.94 | E16: 1.19 | F16: 0.87 | G16: 13.98 | H16: World Cup week
B17: 2026-06-22 | C17: 10.26 | D17: 2.67 | E17: 1.15 | F17: 0.82 | G17: 14.9 | H17: World Cup week
B18: 2026-06-29 | C18: 11.11 | D18: 2.9 | E18: 1.26 | F18: 0.84 | G18: 16.11 | H18: World Cup week
B19: 2026-07-06 | C19: 3.11 | D19: 1.06 | E19: 0.33 | F19: 0.33 | G19: 4.83 | H19: incomplete week (excluded)
B21: Total column shaded blue = baseline window; orange = World Cup weeks. Source: tracked-venue weekly notional dataset (week ending 6 Jul 2026).

Sheet Uplift Calc
B2: Total-Volume Uplift
B3: Observed World Cup uplift vs the flat pre-tournament baseline. The measured anchor.
B4: A. UPLIFT ENGINE
B6: Week ending | C6: Total volume ($B) | D6: Baseline ($B) | E6: Uplift ($B) | F6: x baseline
B7: ='PM Data'!B15 -> 2026-06-08 | C7: ='PM Data'!G15 -> 9.99 | D7: =Inputs!C5 -> 7.15625 | E7: =C7-D7 -> 2.83375 | F7: =C7/D7 -> 1.3959825 | G7: pre-kickoff futures build; excluded for consistency with the OSB window (conservative)
B8: ='PM Data'!B16 -> 2026-06-15 | C8: ='PM Data'!G16 -> 13.98 | D8: =Inputs!C5 -> 7.15625 | E8: =C8-D8 -> 6.82375 | F8: =C8/D8 -> 1.9535371
B9: ='PM Data'!B17 -> 2026-06-22 | C9: ='PM Data'!G17 -> 14.9 | D9: =Inputs!C5 -> 7.15625 | E9: =C9-D9 -> 7.74375 | F9: =C9/D9 -> 2.0820961
B10: ='PM Data'!B18 -> 2026-06-29 | C10: ='PM Data'!G18 -> 16.11 | D10: =Inputs!C5 -> 7.15625 | E10: =C10-D10 -> 8.95375 | F10: =C10/D10 -> 2.251179
B11: Total, WC weeks (post kickoff) | C11: =SUM(C8:C10) -> 44.99 | E11: =SUM(E8:E10) -> 23.52125 | F11: =C11/(D8*3) -> 2.0956041
B13: Read: total volume ran about 2.0x to 2.3x the flat pre-tournament baseline across the three complete World Cup weeks (the pre-kickoff week was already 1.4x), an observed uplift of about 23B. This is total notional; the consumer share is applied on the next tab.
B15: B. EVIDENCE CHART DATA
B16: Week ending | C16: Total volume | D16: Baseline
B17: ='PM Data'!B7 -> 2026-04-13 | C17: ='PM Data'!G7 -> 7.03 | D17: =Inputs!C5 -> 7.15625
B18: ='PM Data'!B8 -> 2026-04-20 | C18: ='PM Data'!G8 -> 7.38 | D18: =Inputs!C5 -> 7.15625
B19: ='PM Data'!B9 -> 2026-04-27 | C19: ='PM Data'!G9 -> 7.03 | D19: =Inputs!C5 -> 7.15625
B20: ='PM Data'!B10 -> 2026-05-04 | C20: ='PM Data'!G10 -> 7.31 | D20: =Inputs!C5 -> 7.15625
B21: ='PM Data'!B11 -> 2026-05-11 | C21: ='PM Data'!G11 -> 6.85 | D21: =Inputs!C5 -> 7.15625
B22: ='PM Data'!B12 -> 2026-05-18 | C22: ='PM Data'!G12 -> 7 | D22: =Inputs!C5 -> 7.15625
B23: ='PM Data'!B13 -> 2026-05-25 | C23: ='PM Data'!G13 -> 7.15 | D23: =Inputs!C5 -> 7.15625
B24: ='PM Data'!B14 -> 2026-06-01 | C24: ='PM Data'!G14 -> 7.5 | D24: =Inputs!C5 -> 7.15625
B25: ='PM Data'!B15 -> 2026-06-08 | C25: ='PM Data'!G15 -> 9.99 | D25: =Inputs!C5 -> 7.15625
B26: ='PM Data'!B16 -> 2026-06-15 | C26: ='PM Data'!G16 -> 13.98 | D26: =Inputs!C5 -> 7.15625
B27: ='PM Data'!B17 -> 2026-06-22 | C27: ='PM Data'!G17 -> 14.9 | D27: =Inputs!C5 -> 7.15625
B28: ='PM Data'!B18 -> 2026-06-29 | C28: ='PM Data'!G18 -> 16.11 | D28: =Inputs!C5 -> 7.15625

Sheet Consumer Volume
B2: Consumer Volume Uplift
B3: Apply the consumer share to the total-volume uplift, then compare with the sell-side claim.
B4: A. OBSERVED TO DATE (hard)
B6: Total-volume uplift, WC weeks | C6: ='Uplift Calc'!E11 -> 23.52125 | D6: $B | E6: From Uplift Calc (about 80 percent is Kalshi).
B7: Consumer share of total volume | C7: =Inputs!C6 -> 0.2 | D7: x | E7: From Inputs (key judgement).
B8: Consumer-volume uplift to date | C8: =C6*C7 -> 4.70425 | D8: $B | E8: Total-volume uplift times consumer share.
B10: B. FULL TOURNAMENT PROJECTION (estimate)
B11: Full tournament / observed weeks | C11: =ROUND(Inputs!C7,1)&" / "&Inputs!C8 -> 5.4 / 3 | D11: wks | E11: Full tournament weeks / complete post-kickoff weeks. Same basis as the OSB model.
B12: Weekly total-volume uplift | C12: ='Uplift Calc'!E11/Inputs!C8 -> 7.8404167 | D12: $B | E12: Average per observed week.
B13: Projected remaining total uplift | C13: =('Uplift Calc'!E11/Inputs!C8)*(Inputs!C7-Inputs!C8)*Inputs!C9 -> 13.328708 | D13: $B | E13: Weekly uplift times remaining weeks times pace.
B14: Full total-volume uplift | C14: =C6+C13 -> 36.849958 | D14: $B | E14: Observed plus projected remaining.
B15: Consumer-volume uplift, full tournament | C15: =C14*C7 -> 7.3699917 | D15: $B | E15: Full total-volume uplift times consumer share.
B17: C. CROSS CHECK vs SELL-SIDE CLAIM
B18: Sell-side claim range | C18: ="$"&Inputs!C14&" to $"&Inputs!C15&"B" -> $5 to $10B | E18: The figure being tested.
B19: Model, full tournament (central) | C19: =C15 -> 7.3699917 | D19: $B | E19: This model, central consumer share.
B20: Implied consumer share at claim midpoint | C20: =Inputs!C16/C14 -> 0.20352805 | D20: x | E20: Consumer share needed to hit the 7.5B midpoint. Model uses 20 percent.
B22: Read: at a 20 percent blended consumer share the model lands about 4.7B to date and about 7.4B for the full tournament, squarely inside the 5 to 10B claim. The claim maps to a consumer share of roughly 13 to 27 percent, and the 80 percent Kalshi concentration argues the true marginal share sits in the lower half of that.

Sheet Sensitivity
B2: Sensitivity: Consumer Uplift, Full Tournament ($B)
B3: Rows = consumer share. Columns = remaining-week pace.
B4: HEATMAP
C6: 0.5 | D6: 0.7 | E6: 1
B7: 0.15 | C7: =('Uplift Calc'!E11+('Uplift Calc'!E11/Inputs!C8)*(Inputs!C7-Inputs!C8)*C$6)*$B7 -> 4.9562634 | D7: =('Uplift Calc'!E11+('Uplift Calc'!E11/Inputs!C8)*(Inputs!C7-Inputs!C8)*D$6)*$B7 -> 5.5274937 | E7: =('Uplift Calc'!E11+('Uplift Calc'!E11/Inputs!C8)*(Inputs!C7-Inputs!C8)*E$6)*$B7 -> 6.3843393
B8: 0.2 | C8: =('Uplift Calc'!E11+('Uplift Calc'!E11/Inputs!C8)*(Inputs!C7-Inputs!C8)*C$6)*$B8 -> 6.6083512 | D8: =('Uplift Calc'!E11+('Uplift Calc'!E11/Inputs!C8)*(Inputs!C7-Inputs!C8)*D$6)*$B8 -> 7.3699917 | E8: =('Uplift Calc'!E11+('Uplift Calc'!E11/Inputs!C8)*(Inputs!C7-Inputs!C8)*E$6)*$B8 -> 8.5124524
B9: 0.25 | C9: =('Uplift Calc'!E11+('Uplift Calc'!E11/Inputs!C8)*(Inputs!C7-Inputs!C8)*C$6)*$B9 -> 8.260439 | D9: =('Uplift Calc'!E11+('Uplift Calc'!E11/Inputs!C8)*(Inputs!C7-Inputs!C8)*D$6)*$B9 -> 9.2124896 | E9: =('Uplift Calc'!E11+('Uplift Calc'!E11/Inputs!C8)*(Inputs!C7-Inputs!C8)*E$6)*$B9 -> 10.640565
B10: 0.3 | C10: =('Uplift Calc'!E11+('Uplift Calc'!E11/Inputs!C8)*(Inputs!C7-Inputs!C8)*C$6)*$B10 -> 9.9125268 | D10: =('Uplift Calc'!E11+('Uplift Calc'!E11/Inputs!C8)*(Inputs!C7-Inputs!C8)*D$6)*$B10 -> 11.054987 | E10: =('Uplift Calc'!E11+('Uplift Calc'!E11/Inputs!C8)*(Inputs!C7-Inputs!C8)*E$6)*$B10 -> 12.768679
B11: 0.42 | C11: =('Uplift Calc'!E11+('Uplift Calc'!E11/Inputs!C8)*(Inputs!C7-Inputs!C8)*C$6)*$B11 -> 13.877538 | D11: =('Uplift Calc'!E11+('Uplift Calc'!E11/Inputs!C8)*(Inputs!C7-Inputs!C8)*D$6)*$B11 -> 15.476983 | E11: =('Uplift Calc'!E11+('Uplift Calc'!E11/Inputs!C8)*(Inputs!C7-Inputs!C8)*E$6)*$B11 -> 17.87615
B13: Base case (consumer share 0.20, pace 0.70) is the central estimate. Cells landing between 5 and 10 are consistent with the sell-side claim.
B15: The existence and scale of the total-volume uplift is hard data. The consumer figure is most sensitive to the consumer share, the softest input, which is why it is the row axis.
