Workbook

Sheet pivot
A1: platform \ week | B1: 45390 | C1: 45397 | D1: 45404 | E1: 45411 | F1: 45418 | G1: 45425 | H1: 45432 | I1: 45439 | J1: 45446 | K1: 45453 | L1: 45460 | M1: 45467 | N1: 45474 | O1: 45481 | P1: 45488 | Q1: 45495 | R1: 45502 | S1: 45509 | T1: 45516 | U1: 45523 | V1: 45530 | W1: 45537 | X1: 45544 | Y1: 45551 | Z1: 45558 | AA1: 45565 | AB1: 45572 | AC1: 45579 | AD1: 45586 | AE1: 45593 | AF1: 45600 | AG1: 45607 | AH1: 45614 | AI1: 45621 | AJ1: 45628 | AK1: 45635 | AL1: 45642 | AM1: 45649 | AN1: 45656 | AO1: 45663 | AP1: 45670 | AQ1: 45677 | AR1: 45684 | AS1: 45691 | AT1: 45698 | AU1: 45705 | AV1: 45712 | AW1: 45719 | AX1: 45726 | AY1: 45733 | AZ1: 45740 | BA1: 45747 | BB1: 45754 | BC1: 45761 | BD1: 45768 | BE1: 45775 | BF1: 45782 | BG1: 45789 | BH1: 45796 | BI1: 45803 | BJ1: 45810 | BK1: 45817 | BL1: 45824 | BM1: 45831 | BN1: 45838 | BO1: 45845 | BP1: 45852 | BQ1: 45859 | BR1: 45866 | BS1: 45873 | BT1: 45880 | BU1: 45887 | BV1: 45894 | BW1: 45901 | BX1: 45908 | BY1: 45915 | BZ1: 45922 | CA1: 45929 | CB1: 45936 | CC1: 45943 | CD1: 45950 | CE1: 45957 | CF1: 45964 | CG1: 45971 | CH1: 45978 | CI1: 45985 | CJ1: 45992 | CK1: 45999 | CL1: 46006 | CM1: 46013 | CN1: 46020 | CO1: 46027 | CP1: 46034 | CQ1: 46041 | CR1: 46048 | CS1: 46055 | CT1: 46062 | CU1: 46069 | CV1: 46076 | CW1: 46083 | CX1: 46090 | CY1: 46097 | CZ1: 46104 | DA1: 46111 | DB1: 46118 | DC1: 46125 | DD1: 46132 | DE1: 46139 | DF1: 46146 | DG1: 46153 | DH1: 46160 | DI1: 46167 | DJ1: Total
A2: Kalshi | B2: =SUMIFS(raw!$C$2:$C$646,raw!$A$2:$A$646,B$1,raw!$B$2:$B$646,$A2) -> 6745101 | C2: =SUMIFS(raw!$C$2:$C$646,raw!$A$2:$A$646,C$1,raw!$B$2:$B$646,$A2) -> 7765146 | D2: =SUMIFS(raw!$C$2:$C$646,raw!$A$2:$A$646,D$1,raw!$B$2:$B$646,$A2) -> 6137716 | E2: =SUMIFS(raw!$C$2:$C$646,raw!$A$2:$A$646,E$1,raw!$B$2:$B$646,$A2) -> 6870328 | F2: =SUMIFS(raw!$C$2:$C$646,raw!$A$2:$A$646,F$1,raw!$B$2:$B$646,$A2) -> 5567608 | G2: =SUMIFS(raw!$C$2:$C$646,raw!$A$2:$A$646,G$1,raw!$B$2:$B$646,$A2) -> 9446315 | H2: =SUMIFS(raw!$C$2:$C$646,raw!$A$2:$A$646,H$1,raw!$B$2:$B$646,$A2) -> 6001300 | I2: =SUMIFS(raw!$C$2:$C$646,raw!$A$2:$A$646,I$1,raw!$B$2:$B$646,$A2) -> 6202782 | ... DI2: =SUMIFS(raw!$C$2:$C$646,raw!$A$2:$A$646,DI$1,raw!$B$2:$B$646,$A2) -> 1.6716672e+09 | DJ2: =SUM(B2:DI2) -> 8.8592664e+10
A3: Polymarket | B3: =SUMIFS(raw!$C$2:$C$646,raw!$A$2:$A$646,B$1,raw!$B$2:$B$646,$A3) -> 13677032 | C3: =SUMIFS(raw!$C$2:$C$646,raw!$A$2:$A$646,C$1,raw!$B$2:$B$646,$A3) -> 12420336 | D3: =SUMIFS(raw!$C$2:$C$646,raw!$A$2:$A$646,D$1,raw!$B$2:$B$646,$A3) -> 12555815 | E3: =SUMIFS(raw!$C$2:$C$646,raw!$A$2:$A$646,E$1,raw!$B$2:$B$646,$A3) -> 21745498 | F3: =SUMIFS(raw!$C$2:$C$646,raw!$A$2:$A$646,F$1,raw!$B$2:$B$646,$A3) -> 12762658 | G3: =SUMIFS(raw!$C$2:$C$646,raw!$A$2:$A$646,G$1,raw!$B$2:$B$646,$A3) -> 17882890 | H3: =SUMIFS(raw!$C$2:$C$646,raw!$A$2:$A$646,H$1,raw!$B$2:$B$646,$A3) -> 32897782 | I3: =SUMIFS(raw!$C$2:$C$646,raw!$A$2:$A$646,I$1,raw!$B$2:$B$646,$A3) -> 34652016 | ... DI3: =SUMIFS(raw!$C$2:$C$646,raw!$A$2:$A$646,DI$1,raw!$B$2:$B$646,$A3) -> 7.4024824e+08 | DJ3: =SUM(B3:DI3) -> 8.5112858e+10
A4: Opinion | B4: =SUMIFS(raw!$C$2:$C$646,raw!$A$2:$A$646,B$1,raw!$B$2:$B$646,$A4) -> 0 | C4: =SUMIFS(raw!$C$2:$C$646,raw!$A$2:$A$646,C$1,raw!$B$2:$B$646,$A4) -> 0 | D4: =SUMIFS(raw!$C$2:$C$646,raw!$A$2:$A$646,D$1,raw!$B$2:$B$646,$A4) -> 0 | E4: =SUMIFS(raw!$C$2:$C$646,raw!$A$2:$A$646,E$1,raw!$B$2:$B$646,$A4) -> 0 | F4: =SUMIFS(raw!$C$2:$C$646,raw!$A$2:$A$646,F$1,raw!$B$2:$B$646,$A4) -> 0 | G4: =SUMIFS(raw!$C$2:$C$646,raw!$A$2:$A$646,G$1,raw!$B$2:$B$646,$A4) -> 0 | H4: =SUMIFS(raw!$C$2:$C$646,raw!$A$2:$A$646,H$1,raw!$B$2:$B$646,$A4) -> 0 | I4: =SUMIFS(raw!$C$2:$C$646,raw!$A$2:$A$646,I$1,raw!$B$2:$B$646,$A4) -> 0 | ... DH4: =SUMIFS(raw!$C$2:$C$646,raw!$A$2:$A$646,DH$1,raw!$B$2:$B$646,$A4) -> 1.6594969e+08 | DI4: z | DJ4: =SUM(B4:DI4) -> 2.4737169e+10
A5: Limitless | B5: =SUMIFS(raw!$C$2:$C$646,raw!$A$2:$A$646,B$1,raw!$B$2:$B$646,$A5) -> 0 | C5: =SUMIFS(raw!$C$2:$C$646,raw!$A$2:$A$646,C$1,raw!$B$2:$B$646,$A5) -> 0 | D5: =SUMIFS(raw!$C$2:$C$646,raw!$A$2:$A$646,D$1,raw!$B$2:$B$646,$A5) -> 2503.8709 | E5: =SUMIFS(raw!$C$2:$C$646,raw!$A$2:$A$646,E$1,raw!$B$2:$B$646,$A5) -> 5469.6887 | F5: =SUMIFS(raw!$C$2:$C$646,raw!$A$2:$A$646,F$1,raw!$B$2:$B$646,$A5) -> 5288.7184 | G5: =SUMIFS(raw!$C$2:$C$646,raw!$A$2:$A$646,G$1,raw!$B$2:$B$646,$A5) -> 2274.2238 | H5: =SUMIFS(raw!$C$2:$C$646,raw!$A$2:$A$646,H$1,raw!$B$2:$B$646,$A5) -> 1012.3419 | I5: =SUMIFS(raw!$C$2:$C$646,raw!$A$2:$A$646,I$1,raw!$B$2:$B$646,$A5) -> 1780.6021 | ... DI5: =SUMIFS(raw!$C$2:$C$646,raw!$A$2:$A$646,DI$1,raw!$B$2:$B$646,$A5) -> 1.8723174e+08 | DJ5: =SUM(B5:DI5) -> 5.0815938e+09
A6: Predict | B6: =SUMIFS(raw!$C$2:$C$646,raw!$A$2:$A$646,B$1,raw!$B$2:$B$646,$A6) -> 0 | C6: =SUMIFS(raw!$C$2:$C$646,raw!$A$2:$A$646,C$1,raw!$B$2:$B$646,$A6) -> 0 | D6: =SUMIFS(raw!$C$2:$C$646,raw!$A$2:$A$646,D$1,raw!$B$2:$B$646,$A6) -> 0 | E6: =SUMIFS(raw!$C$2:$C$646,raw!$A$2:$A$646,E$1,raw!$B$2:$B$646,$A6) -> 0 | F6: =SUMIFS(raw!$C$2:$C$646,raw!$A$2:$A$646,F$1,raw!$B$2:$B$646,$A6) -> 0 | G6: =SUMIFS(raw!$C$2:$C$646,raw!$A$2:$A$646,G$1,raw!$B$2:$B$646,$A6) -> 0 | H6: =SUMIFS(raw!$C$2:$C$646,raw!$A$2:$A$646,H$1,raw!$B$2:$B$646,$A6) -> 0 | I6: =SUMIFS(raw!$C$2:$C$646,raw!$A$2:$A$646,I$1,raw!$B$2:$B$646,$A6) -> 0 | ... DI6: =SUMIFS(raw!$C$2:$C$646,raw!$A$2:$A$646,DI$1,raw!$B$2:$B$646,$A6) -> 1.2728244e+08 | DJ6: =SUM(B6:DI6) -> 4.413267e+09
A7: Polymarket (US) | B7: =SUMIFS(raw!$C$2:$C$646,raw!$A$2:$A$646,B$1,raw!$B$2:$B$646,$A7) -> 0 | C7: =SUMIFS(raw!$C$2:$C$646,raw!$A$2:$A$646,C$1,raw!$B$2:$B$646,$A7) -> 0 | D7: =SUMIFS(raw!$C$2:$C$646,raw!$A$2:$A$646,D$1,raw!$B$2:$B$646,$A7) -> 0 | E7: =SUMIFS(raw!$C$2:$C$646,raw!$A$2:$A$646,E$1,raw!$B$2:$B$646,$A7) -> 0 | F7: =SUMIFS(raw!$C$2:$C$646,raw!$A$2:$A$646,F$1,raw!$B$2:$B$646,$A7) -> 0 | G7: =SUMIFS(raw!$C$2:$C$646,raw!$A$2:$A$646,G$1,raw!$B$2:$B$646,$A7) -> 0 | H7: =SUMIFS(raw!$C$2:$C$646,raw!$A$2:$A$646,H$1,raw!$B$2:$B$646,$A7) -> 0 | I7: =SUMIFS(raw!$C$2:$C$646,raw!$A$2:$A$646,I$1,raw!$B$2:$B$646,$A7) -> 0 | ... DI7: =SUMIFS(raw!$C$2:$C$646,raw!$A$2:$A$646,DI$1,raw!$B$2:$B$646,$A7) -> 162984823 | DJ7: =SUM(B7:DI7) -> 3954930002
A8: Crypto.com | B8: =SUMIFS(raw!$C$2:$C$646,raw!$A$2:$A$646,B$1,raw!$B$2:$B$646,$A8) -> 632476 | C8: =SUMIFS(raw!$C$2:$C$646,raw!$A$2:$A$646,C$1,raw!$B$2:$B$646,$A8) -> 441389 | D8: =SUMIFS(raw!$C$2:$C$646,raw!$A$2:$A$646,D$1,raw!$B$2:$B$646,$A8) -> 517707 | E8: =SUMIFS(raw!$C$2:$C$646,raw!$A$2:$A$646,E$1,raw!$B$2:$B$646,$A8) -> 470205 | F8: =SUMIFS(raw!$C$2:$C$646,raw!$A$2:$A$646,F$1,raw!$B$2:$B$646,$A8) -> 451600 | G8: =SUMIFS(raw!$C$2:$C$646,raw!$A$2:$A$646,G$1,raw!$B$2:$B$646,$A8) -> 588462 | H8: =SUMIFS(raw!$C$2:$C$646,raw!$A$2:$A$646,H$1,raw!$B$2:$B$646,$A8) -> 669261 | I8: =SUMIFS(raw!$C$2:$C$646,raw!$A$2:$A$646,I$1,raw!$B$2:$B$646,$A8) -> 545010 | ... DI8: =SUMIFS(raw!$C$2:$C$646,raw!$A$2:$A$646,DI$1,raw!$B$2:$B$646,$A8) -> 81184581 | DJ8: =SUM(B8:DI8) -> 3874960540
A9: Other | B9: =SUMIFS(raw!$C$2:$C$646,raw!$A$2:$A$646,B$1,raw!$B$2:$B$646,$A9) -> 0 | C9: =SUMIFS(raw!$C$2:$C$646,raw!$A$2:$A$646,C$1,raw!$B$2:$B$646,$A9) -> 0 | D9: =SUMIFS(raw!$C$2:$C$646,raw!$A$2:$A$646,D$1,raw!$B$2:$B$646,$A9) -> 0 | E9: =SUMIFS(raw!$C$2:$C$646,raw!$A$2:$A$646,E$1,raw!$B$2:$B$646,$A9) -> 0 | F9: =SUMIFS(raw!$C$2:$C$646,raw!$A$2:$A$646,F$1,raw!$B$2:$B$646,$A9) -> 0 | G9: =SUMIFS(raw!$C$2:$C$646,raw!$A$2:$A$646,G$1,raw!$B$2:$B$646,$A9) -> 0 | H9: =SUMIFS(raw!$C$2:$C$646,raw!$A$2:$A$646,H$1,raw!$B$2:$B$646,$A9) -> 0 | I9: =SUMIFS(raw!$C$2:$C$646,raw!$A$2:$A$646,I$1,raw!$B$2:$B$646,$A9) -> 0 | ... DI9: =SUMIFS(raw!$C$2:$C$646,raw!$A$2:$A$646,DI$1,raw!$B$2:$B$646,$A9) -> 4042499.6 | DJ9: =SUM(B9:DI9) -> 2.310905e+09
A10: Hyperliquid | B10: =SUMIFS(raw!$C$2:$C$646,raw!$A$2:$A$646,B$1,raw!$B$2:$B$646,$A10) -> 0 | C10: =SUMIFS(raw!$C$2:$C$646,raw!$A$2:$A$646,C$1,raw!$B$2:$B$646,$A10) -> 0 | D10: =SUMIFS(raw!$C$2:$C$646,raw!$A$2:$A$646,D$1,raw!$B$2:$B$646,$A10) -> 0 | E10: =SUMIFS(raw!$C$2:$C$646,raw!$A$2:$A$646,E$1,raw!$B$2:$B$646,$A10) -> 0 | F10: =SUMIFS(raw!$C$2:$C$646,raw!$A$2:$A$646,F$1,raw!$B$2:$B$646,$A10) -> 0 | G10: =SUMIFS(raw!$C$2:$C$646,raw!$A$2:$A$646,G$1,raw!$B$2:$B$646,$A10) -> 0 | H10: =SUMIFS(raw!$C$2:$C$646,raw!$A$2:$A$646,H$1,raw!$B$2:$B$646,$A10) -> 0 | I10: =SUMIFS(raw!$C$2:$C$646,raw!$A$2:$A$646,I$1,raw!$B$2:$B$646,$A10) -> 0 | ... DI10: =SUMIFS(raw!$C$2:$C$646,raw!$A$2:$A$646,DI$1,raw!$B$2:$B$646,$A10) -> 6255296 | DJ10: =SUM(B10:DI10) -> 78984797
A11: Total | B11: =SUM(B2:B10) -> 21054609 | C11: =SUM(C2:C10) -> 20626871 | D11: =SUM(D2:D10) -> 19213742 | E11: =SUM(E2:E10) -> 29091501 | F11: =SUM(F2:F10) -> 18787155 | G11: =SUM(G2:G10) -> 27919941 | H11: =SUM(H2:H10) -> 39569355 | I11: =SUM(I2:I10) -> 41401589 | ... DI11: =SUM(DI2:DI10) -> 2.9808968e+09 | DJ11: =SUM(B11:DI11) -> 2.1815733e+11

Sheet raw
A1: week | B1: platform | C1: Notional USD Volume
A2: 45390 | B2: Crypto.com | C2: 632476
A3: 45390 | B3: Kalshi | C3: 6745101
A4: 45390 | B4: Polymarket | C4: 13677032
A5: 45397 | B5: Crypto.com | C5: 441389
A6: 45397 | B6: Kalshi | C6: 7765146
A7: 45397 | B7: Polymarket | C7: 12420336
A8: 45404 | B8: Crypto.com | C8: 517707
A9: 45404 | B9: Kalshi | C9: 6137716
A10: 45404 | B10: Limitless | C10: 2503.8709
A11: 45404 | B11: Polymarket | C11: 12555815
A12: 45411 | B12: Crypto.com | C12: 470205
A13: 45411 | B13: Kalshi | C13: 6870328
... A646: 46167 | B646: Predict | C646: 1.2728244e+08
